,Dataset,Taxonomic Level,Traita,Taxonomyb,BMI              p valuec,BMI               q valued,Direction of association (Higher in)e,Permutation p valuef,Ag,A 95% CIh,Ci,C 95% CIj,Ek,E 95% CIl,rMZm,rDZn,2*(rMZ-rDZ)o,Unnamed: 17,Unnamed: 18,Unnamed: 19,taxa_or_feature,lower_in,higher_in
0,TwinsUK,OTU,4349261,k__Bacteria;p__Firmicutes;c__Clostridia;o__Clostridiales;f__Lachnospiraceae;g__;s__,2.53636e-07,3.84258e-05,Lean,0.0465,0.268487968,(0?0.38),3.89e-13,(0?0.22),0.731512032,(0.62?0.86),0.293830967,0.104401633,0.378858668,,,,k__Bacteria;p__Firmicutes;c__Clostridia;o__Clostridiales;f__Lachnospiraceae;g__;s__,ob,control
1,TwinsUK,Class,k__Bacteria;p__Tenericutes;c__RF3,nan,2.24639e-07,3.84258e-05,Lean,0.0002,0.252833617,(0.1?0.37),3.37e-14,(0?0),0.747166383,(0.63?0.88),0.352077993,-0.02855576,0.761267506,,,,k__Bacteria;p__Tenericutes;c__RF3,ob,control
2,TwinsUK,Order,k__Bacteria;p__Tenericutes;c__RF3;o__ML615J;28,nan,2.24639e-07,3.84258e-05,Lean,0.0002,0.252833617,(0.1?0.37),3.37e-14,(0?0),0.747166383,(0.63?0.88),0.352077993,-0.02855576,0.761267506,,,,k__Bacteria;p__Tenericutes;c__RF3;o__ML615J;28,ob,control
3,TwinsUK,Family,k__Bacteria;p__Tenericutes;c__RF3;o__ML615J;28;f__,nan,2.24639e-07,3.84258e-05,Lean,0.0002,0.252833617,(0.1?0.37),3.37e-14,(0?0),0.747166383,(0.63?0.88),0.352077993,-0.02855576,0.761267506,,,,k__Bacteria;p__Tenericutes;c__RF3;o__ML615J;28;f__,ob,control
4,TwinsUK,Genus,k__Bacteria;p__Tenericutes;c__RF3;o__ML615J;28;f__;g__,nan,2.24639e-07,3.84258e-05,Lean,0.0002,0.252833617,(0.1?0.37),3.37e-14,(0?0),0.747166383,(0.63?0.88),0.352077993,-0.02855576,0.761267506,,,,k__Bacteria;p__Tenericutes;c__RF3;o__ML615J;28;f__;g__,ob,control
5,TwinsUK,OTU,4377149,k__Bacteria;p__Firmicutes;c__Clostridia;o__Clostridiales;f__;g__;s__,7.09332e-08,3.84258e-05,Lean,0.728,4.38e-13,(0?0),0.128660392,(0?0.22),0.871339608,(0.78?0.97),0.130600107,0.128982623,0.003234968,,,,k__Bacteria;p__Firmicutes;c__Clostridia;o__Clostridiales;f__;g__;s__,ob,control
6,TwinsUK,OTU,300620,k__Bacteria;p__Firmicutes;c__Clostridia;o__Clostridiales;f__Ruminococcaceae;g__;s__,5.12213e-07,6.65145e-05,Lean,0.182,0.172888264,(0?0.3),0.004560478,(0?0.21),0.822551258,(0.7?0.96),0.182977743,0.088285972,0.189383542,,,,k__Bacteria;p__Firmicutes;c__Clostridia;o__Clostridiales;f__Ruminococcaceae;g__;s__,ob,control
7,TwinsUK,Phylum,k__Bacteria;p__Tenericutes,nan,6.62894e-07,7.53214e-05,Lean,0.0066,0.264666897,(0.06?0.38),9.04e-14,(0?0),0.735333103,(0.62?0.86),0.320917449,0.05291663,0.536001637,,,,k__Bacteria;p__Tenericutes,ob,control
8,TwinsUK,OTU,173876,k__Bacteria;p__Firmicutes;c__Clostridia;o__Clostridiales;f__;g__;s__,9.62109e-07,9.7173e-05,Lean,0.6555,6.39e-12,(0?0),0.11308849,(0?0.21),0.88691151,(0.76?0.98),0.105870954,0.120384759,-0.02902761,,,,k__Bacteria;p__Firmicutes;c__Clostridia;o__Clostridiales;f__;g__;s__,ob,control
9,TwinsUK,Family,k__Bacteria;p__Firmicutes;c__Clostridia;o__Clostridiales;f__Christensenellaceae,nan,1.38817e-06,0.000126184,Lean,0.001,0.381940264,(0.21?0.49),4.2e-13,(0?0.11),0.618059736,(0.51?0.74),0.437752545,0.090711647,0.694081797,,,,k__Bacteria;p__Firmicutes;c__Clostridia;o__Clostridiales;f__Christensenellaceae,ob,control
10,TwinsUK,Genus,k__Bacteria;p__Firmicutes;c__Clostridia;o__Clostridiales;f__Christensenellaceae;g__,nan,1.55246e-06,0.000128289,Lean,0.0011,0.388470691,(0.21?0.5),1.56e-17,(0?0),0.611529309,(0.5?0.73),0.440227014,0.100142674,0.68016868,,,,k__Bacteria;p__Firmicutes;c__Clostridia;o__Clostridiales;f__Christensenellaceae;g__,ob,control
11,TwinsUK,OTU,192741,k__Bacteria;p__Firmicutes;c__Clostridia;o__Clostridiales;f__;g__;s__,2.43047e-06,0.000184108,Lean,0.3829,0.060178423,(0?0.28),0.082654605,(0?0.22),0.857166972,(0.72?0.97),0.143951305,0.11425504,0.059392531,,,,k__Bacteria;p__Firmicutes;c__Clostridia;o__Clostridiales;f__;g__;s__,ob,control
12,TwinsUK,OTU,178845,k__Bacteria;p__Firmicutes;c__Clostridia;o__Clostridiales;f__Ruminococcaceae;g__;s__,3.11949e-06,0.000218124,Lean,0.1265,0.231373767,(0?0.45),0.102611806,(0?0.33),0.666014427,(0.55?0.8),0.333649778,0.218697663,0.229904231,,,,k__Bacteria;p__Firmicutes;c__Clostridia;o__Clostridiales;f__Ruminococcaceae;g__;s__,ob,control
13,TwinsUK,OTU,4412540,k__Bacteria;p__Firmicutes;c__Clostridia;o__Clostridiales;f__Ruminococcaceae;g__;s__,4.61613e-06,0.000262254,Lean,0.0428,0.295776598,(0.04?0.41),2.59e-15,(0?0),0.704223402,(0.59?0.82),0.334935269,0.102118271,0.465633995,,,,k__Bacteria;p__Firmicutes;c__Clostridia;o__Clostridiales;f__Ruminococcaceae;g__;s__,ob,control
14,TwinsUK,Class,k__Bacteria;p__Tenericutes;c__Mollicutes,nan,4.22011e-06,0.000262254,Lean,0.0576,0.242305901,(0?0.36),1.47e-14,(0?0.21),0.757694099,(0.64?0.89),0.268812803,0.092685369,0.352254869,,,,k__Bacteria;p__Tenericutes;c__Mollicutes,ob,control
15,TwinsUK,OTU,316732,k__Bacteria;p__Firmicutes;c__Clostridia;o__Clostridiales;f__Lachnospiraceae;g__Lachnospira;s__,4.34951e-06,0.000262254,Lean,0.1108,0.221984063,(0?0.34),6.73e-12,(0?0),0.778015937,(0.66?0.9),0.240851425,0.103164444,0.275373963,,,,k__Bacteria;p__Firmicutes;c__Clostridia;o__Clostridiales;f__Lachnospiraceae;g__Lachnospira;s__,ob,control
16,TwinsUK,OTU,4450214,k__Bacteria;p__Firmicutes;c__Clostridia;o__Clostridiales;f__Ruminococcaceae;g__;s__,7.15898e-06,0.000282797,Lean,0.0567,0.288727249,(0?0.4),8.04e-13,(0?0.23),0.711272751,(0.6?0.84),0.309933998,0.124157298,0.371553399,,,,k__Bacteria;p__Firmicutes;c__Clostridia;o__Clostridiales;f__Ruminococcaceae;g__;s__,ob,control
17,TwinsUK,OTU,537219,k__Bacteria;p__Firmicutes;c__Clostridia;o__Clostridiales;f__;g__;s__,7.33869e-06,0.000282797,Lean,0.0449,0.265863143,(0?0.38),0.0,(0?0),0.734136857,(0.62?0.87),0.284318235,0.107992591,0.352651289,,,,k__Bacteria;p__Firmicutes;c__Clostridia;o__Clostridiales;f__;g__;s__,ob,control
18,TwinsUK,Order,k__Bacteria;p__Tenericutes;c__Mollicutes;o__RF39,nan,7.46659e-06,0.000282797,Lean,0.1151,0.234128887,(0?0.37),0.022182071,(0?0.26),0.743689042,(0.63?0.88),0.265781046,0.13831566,0.254930771,,,,k__Bacteria;p__Tenericutes;c__Mollicutes;o__RF39,ob,control
19,TwinsUK,Family,k__Bacteria;p__Tenericutes;c__Mollicutes;o__RF39;f__,nan,7.46659e-06,0.000282797,Lean,0.1151,0.234128887,(0?0.37),0.022182071,(0?0.26),0.743689042,(0.63?0.88),0.265781046,0.13831566,0.254930771,,,,k__Bacteria;p__Tenericutes;c__Mollicutes;o__RF39;f__,ob,control
20,TwinsUK,Genus,k__Bacteria;p__Tenericutes;c__Mollicutes;o__RF39;f__;g__,nan,7.46659e-06,0.000282797,Lean,0.1151,0.234128887,(0?0.37),0.022182071,(0?0.26),0.743689042,(0.63?0.88),0.265781046,0.13831566,0.254930771,,,,k__Bacteria;p__Tenericutes;c__Mollicutes;o__RF39;f__;g__,ob,control
21,TwinsUK,OTU,4402903,k__Bacteria;p__Firmicutes;c__Clostridia;o__Clostridiales;f__;g__;s__,7.00236e-06,0.000282797,Lean,0.026,0.18641623,(0?0.31),1.78e-13,(0?0),0.81358377,(0.69?0.94),0.250824454,0.003451497,0.494745915,,,,k__Bacteria;p__Firmicutes;c__Clostridia;o__Clostridiales;f__;g__;s__,ob,control
22,TwinsUK,OTU,173927,k__Bacteria;p__Firmicutes;c__Clostridia;o__Clostridiales;f__;g__;s__,6.21732e-06,0.000282797,Lean,0.4018,0.048092261,(0?0.27),0.08162407,(0?0.21),0.870283669,(0.73?0.98),0.128637646,0.10716925,0.042936793,,,,k__Bacteria;p__Firmicutes;c__Clostridia;o__Clostridiales;f__;g__;s__,ob,control
23,TwinsUK,OTU,181059,k__Bacteria;p__Firmicutes;c__Clostridia;o__Clostridiales;f__;g__;s__,5.99224e-06,0.000282797,Lean,0.8497,4.48e-15,(0?0.21),0.119484139,(0?0.21),0.880515861,(0.77?0.98),0.071020763,0.156888262,-0.171734997,,,,k__Bacteria;p__Firmicutes;c__Clostridia;o__Clostridiales;f__;g__;s__,ob,control
24,TwinsUK,Family,k__Bacteria;p__Firmicutes;c__Clostridia;o__Clostridiales;f__Dehalobacteriaceae,nan,9.33028e-06,0.000339249,Lean,0.014,0.290993023,(0.07?0.41),6.63e-14,(0?0.16),0.709006977,(0.59?0.83),0.333150809,0.076026156,0.514249306,,,,k__Bacteria;p__Firmicutes;c__Clostridia;o__Clostridiales;f__Dehalobacteriaceae,ob,control
25,TwinsUK,Family,k__Bacteria;p__Firmicutes;c__Clostridia;o__Clostridiales;f__,nan,1.18658e-05,0.00038986,Lean,0.0152,0.291369163,(0.05?0.4),0.0,(0?0),0.708630837,(0.6?0.83),0.329820231,0.094368293,0.470903877,,,,k__Bacteria;p__Firmicutes;c__Clostridia;o__Clostridiales;f__,ob,control
26,TwinsUK,Genus,k__Bacteria;p__Firmicutes;c__Clostridia;o__Clostridiales;f__;g__,nan,1.18658e-05,0.00038986,Lean,0.0152,0.291369163,(0.05?0.4),0.0,(0?0),0.708630837,(0.6?0.83),0.329820231,0.094368293,0.470903877,,,,k__Bacteria;p__Firmicutes;c__Clostridia;o__Clostridiales;f__;g__,ob,control
27,TwinsUK,Genus,k__Bacteria;p__Firmicutes;c__Clostridia;o__Clostridiales;f__Dehalobacteriaceae;g__Dehalobacterium,nan,1.24378e-05,0.00038986,Lean,0.0161,0.278663074,(0.06?0.39),9.1e-15,(0?0.16),0.721336926,(0.61?0.85),0.320952162,0.069842298,0.502219727,,,,k__Bacteria;p__Firmicutes;c__Clostridia;o__Clostridiales;f__Dehalobacteriaceae;g__Dehalobacterium,ob,control
28,TwinsUK,OTU,553080,k__Bacteria;p__Firmicutes;c__Clostridia;o__Clostridiales;f__;g__;s__,1.21849e-05,0.00038986,Lean,0.0517,0.252496501,(0?0.37),4.17e-12,(0?0.2),0.747503499,(0.63?0.87),0.283699322,0.090166881,0.387064882,,,,k__Bacteria;p__Firmicutes;c__Clostridia;o__Clostridiales;f__;g__;s__,ob,control
29,TwinsUK,OTU,176318,k__Bacteria;p__Firmicutes;c__Clostridia;o__Clostridiales;f__Christensenellaceae;g__;s__,1.3449e-05,0.000397004,Lean,0.0003,0.355364859,(0.17?0.47),1.95e-13,(0?0),0.644635141,(0.53?0.77),0.404735837,0.088850355,0.631770964,,,,k__Bacteria;p__Firmicutes;c__Clostridia;o__Clostridiales;f__Christensenellaceae;g__;s__,ob,control
30,TwinsUK,OTU,199344,k__Bacteria;p__Firmicutes;c__Clostridia;o__Clostridiales;f__Lachnospiraceae;g__;s__,1.35392e-05,0.000397004,Obese,0.1393,0.191884404,(0?0.31),0.0,(0?0),0.808115596,(0.69?0.94),0.201593651,0.087313298,0.228560706,,,,k__Bacteria;p__Firmicutes;c__Clostridia;o__Clostridiales;f__Lachnospiraceae;g__;s__,control,ob
31,TwinsUK,OTU,147969,k__Bacteria;p__Firmicutes;c__Clostridia;o__Clostridiales;f__Ruminococcaceae;g__Ruminococcus;s__,1.46882e-05,0.000417236,Lean,0.5915,1.43e-11,(0?0),0.17925743,(0?0.27),0.82074257,(0.68?0.92),0.168074673,0.187004946,-0.037860546,,,,k__Bacteria;p__Firmicutes;c__Clostridia;o__Clostridiales;f__Ruminococcaceae;g__Ruminococcus;s__,ob,control
32,TwinsUK,OTU,3195723,k__Bacteria;p__Firmicutes;c__Clostridia;o__Clostridiales;f__Ruminococcaceae;g__Oscillospira;s__,1.75993e-05,0.000462957,Lean,0.031,0.261758311,(0.01?0.38),3.23e-13,(0?0.18),0.738241689,(0.62?0.86),0.297142269,0.08373536,0.426813818,,,,k__Bacteria;p__Firmicutes;c__Clostridia;o__Clostridiales;f__Ruminococcaceae;g__Oscillospira;s__,ob,control
33,TwinsUK,OTU,4469576,k__Bacteria;p__Firmicutes;c__Clostridia;o__Clostridiales;f__Lachnospiraceae;g__;s__,1.73335e-05,0.000462957,Obese,0.0988,0.244497839,(0?0.44),0.076661616,(0?0.32),0.678840545,(0.56?0.81),0.340404548,0.191628022,0.297553052,,,,k__Bacteria;p__Firmicutes;c__Clostridia;o__Clostridiales;f__Lachnospiraceae;g__;s__,control,ob
34,TwinsUK,Genus,k__Bacteria;p__Firmicutes;c__Clostridia;o__Clostridiales;f__Lachnospiraceae;g__Lachnospira,nan,1.78256e-05,0.000462957,Lean,0.4063,0.03923929,(0?0.33),0.165447185,(0?0.28),0.795313524,(0.67?0.9),0.218442214,0.178876652,0.079131125,,,,k__Bacteria;p__Firmicutes;c__Clostridia;o__Clostridiales;f__Lachnospiraceae;g__Lachnospira,ob,control
35,TwinsUK,OTU,189924,k__Bacteria;p__Firmicutes;c__Clostridia;o__Clostridiales;f__Ruminococcaceae;g__;s__,2.05953e-05,0.000520031,Lean,0.005,0.190853539,(0.01?0.31),1.81e-16,(0?0),0.809146461,(0.69?0.94),0.26575736,-0.020685408,0.572885535,,,,k__Bacteria;p__Firmicutes;c__Clostridia;o__Clostridiales;f__Ruminococcaceae;g__;s__,ob,control
36,TwinsUK,OTU,174911,k__Bacteria;p__Firmicutes;c__Clostridia;o__Clostridiales;f__Lachnospiraceae;g__;s__,2.47006e-05,0.000606833,Lean,0.1948,0.169603163,(0?0.37),0.071257347,(0?0.27),0.75913949,(0.63?0.89),0.246378252,0.15647196,0.179812584,,,,k__Bacteria;p__Firmicutes;c__Clostridia;o__Clostridiales;f__Lachnospiraceae;g__;s__,ob,control
37,TwinsUK,OTU,199279,k__Bacteria;p__Firmicutes;c__Clostridia;o__Clostridiales;f__Lachnospiraceae;g__Blautia;s__,2.72164e-05,0.000651045,Obese,0.5209,8.16e-11,(0?0.23),0.088382228,(0?0.18),0.911617772,(0.77?1),0.088564944,0.090133513,-0.003137139,,,,k__Bacteria;p__Firmicutes;c__Clostridia;o__Clostridiales;f__Lachnospiraceae;g__Blautia;s__,control,ob
38,TwinsUK,OTU,194488,k__Bacteria;p__Firmicutes;c__Clostridia;o__Clostridiales;f__Ruminococcaceae;g__;s__,3.03627e-05,0.000707684,Lean,0.8384,3.1e-14,(0?0),0.083251471,(0?0.18),0.916748529,(0.78?1),0.080082099,0.087295883,-0.014427568,,,,k__Bacteria;p__Firmicutes;c__Clostridia;o__Clostridiales;f__Ruminococcaceae;g__;s__,ob,control
39,TwinsUK,OTU,3973322,k__Bacteria;p__Firmicutes;c__Clostridia;o__Clostridiales;f__;g__;s__,3.22082e-05,0.000718575,Lean,0.0084,0.189905496,(0?0.31),7.4e-11,(0?0),0.810094504,(0.69?0.94),0.245942246,0.013146447,0.465591599,,,,k__Bacteria;p__Firmicutes;c__Clostridia;o__Clostridiales;f__;g__;s__,ob,control
40,TwinsUK,OTU,173996,k__Bacteria;p__Firmicutes;c__Clostridia;o__Clostridiales;f__Lachnospiraceae;g__;s__,3.2411e-05,0.000718575,Obese,0.2227,0.079014932,(0?0.21),1.17e-25,(0?0.14),0.920985068,(0.79?1),0.097699484,0.01916471,0.157069549,,,,k__Bacteria;p__Firmicutes;c__Clostridia;o__Clostridiales;f__Lachnospiraceae;g__;s__,control,ob
41,TwinsUK,OTU,4398588,k__Bacteria;p__Firmicutes;c__Clostridia;o__Clostridiales;f__Ruminococcaceae;g__;s__,3.33787e-05,0.00072241,Lean,0.0058,0.207820188,(0?0.33),5.43e-17,(0?0.15),0.792179812,(0.67?0.92),0.249171376,0.035370474,0.427601805,,,,k__Bacteria;p__Firmicutes;c__Clostridia;o__Clostridiales;f__Ruminococcaceae;g__;s__,ob,control
42,TwinsUK,OTU,287790,k__Bacteria;p__Firmicutes;c__Clostridia;o__Clostridiales;f__Ruminococcaceae;g__;s__,3.97059e-05,0.000839364,Lean,0.0137,0.286319538,(0.16?0.4),2.23e-12,(0?0),0.713680462,(0.6?0.84),0.31349242,0.098326824,0.430331191,,,,k__Bacteria;p__Firmicutes;c__Clostridia;o__Clostridiales;f__Ruminococcaceae;g__;s__,ob,control
43,TwinsUK,OTU,146564,k__Bacteria;p__Firmicutes;c__Clostridia;o__Clostridiales;f__;g__;s__,4.55818e-05,0.00093079,Lean,0.2989,0.100326862,(0?0.25),0.01637323,(0?0.18),0.883299908,(0.75?1),0.113788065,0.070644905,0.086286319,,,,k__Bacteria;p__Firmicutes;c__Clostridia;o__Clostridiales;f__;g__;s__,ob,control
44,TwinsUK,OTU,2740950,k__Bacteria;p__Firmicutes;c__Clostridia;o__Clostridiales;f__Lachnospiraceae;g__Coprococcus;s__,4.60787e-05,0.00093079,Lean,0.3777,0.054990562,(0?0.19),0.002409331,(0?0.14),0.942600108,(0.81?1),0.058551817,0.031719453,0.053664729,,,,k__Bacteria;p__Firmicutes;c__Clostridia;o__Clostridiales;f__Lachnospiraceae;g__Coprococcus;s__,ob,control
45,TwinsUK,OTU,4468466,k__Bacteria;p__Firmicutes;c__Clostridia;o__Clostridiales;f__Ruminococcaceae;g__;s__,4.77475e-05,0.000942733,Lean,0.0067,0.344160238,(0.16?0.45),2.85e-13,(0?0.13),0.655839762,(0.55?0.77),0.416266751,0.068267954,0.695997593,,,,k__Bacteria;p__Firmicutes;c__Clostridia;o__Clostridiales;f__Ruminococcaceae;g__;s__,ob,control
46,TwinsUK,OTU,194297,k__Bacteria;p__Firmicutes;c__Clostridia;o__Clostridiales;f__Ruminococcaceae;g__Ruminococcus;s__,4.87442e-05,0.000942733,Lean,0.0494,0.130671759,(0?0.25),4.07e-14,(0?0),0.869328241,(0.75?1),0.178980364,0.002148076,0.353664575,,,,k__Bacteria;p__Firmicutes;c__Clostridia;o__Clostridiales;f__Ruminococcaceae;g__Ruminococcus;s__,ob,control
47,TwinsUK,OTU,322835,k__Bacteria;p__Firmicutes;c__Clostridia;o__Clostridiales;f__Lachnospiraceae;g__Lachnospira;s__,5.3114e-05,0.001005846,Lean,0.4203,0.037765802,(0?0.34),0.178336322,(0?0.3),0.783897876,(0.66?0.89),0.235304849,0.186903462,0.096802774,,,,k__Bacteria;p__Firmicutes;c__Clostridia;o__Clostridiales;f__Lachnospiraceae;g__Lachnospira;s__,ob,control
48,TwinsUK,OTU,197988,k__Bacteria;p__Firmicutes;c__Clostridia;o__Clostridiales;f__Ruminococcaceae;g__Oscillospira;s__,6.31857e-05,0.001172159,Lean,0.9395,1.85e-40,(0?0.18),0.065548614,(0?0.16),0.934451386,(0.84?1),0.036606319,0.089152474,-0.10509231,,,,k__Bacteria;p__Firmicutes;c__Clostridia;o__Clostridiales;f__Ruminococcaceae;g__Oscillospira;s__,ob,control
49,TwinsUK,OTU,313524,k__Bacteria;p__Firmicutes;c__Clostridia;o__Clostridiales;f__Ruminococcaceae;g__;s__,7.25508e-05,0.001318974,Lean,0.0272,0.170305355,(0?0.29),3.48e-13,(0?0),0.829694645,(0.71?0.96),0.219932203,0.017625096,0.404614214,,,,k__Bacteria;p__Firmicutes;c__Clostridia;o__Clostridiales;f__Ruminococcaceae;g__;s__,ob,control
50,TwinsUK,OTU,177032,k__Bacteria;p__Firmicutes;c__Clostridia;o__Clostridiales;f__;g__;s__,8.06477e-05,0.001409783,Lean,0.1526,0.11696897,(0?0.24),0.0,(0?0.16),0.88303103,(0.76?1),0.135182687,0.036672838,0.197019697,,,,k__Bacteria;p__Firmicutes;c__Clostridia;o__Clostridiales;f__;g__;s__,ob,control
51,TwinsUK,OTU,199534,k__Bacteria;p__Bacteroidetes;c__Bacteroidia;o__Bacteroidales;f__Rikenellaceae;g__;s__,7.91317e-05,0.001409783,Lean,0.1867,0.084905963,(0?0.21),6.32e-13,(0?0.14),0.915094037,(0.79?1),0.114423906,0.004423828,0.220000155,,,,k__Bacteria;p__Bacteroidetes;c__Bacteroidia;o__Bacteroidales;f__Rikenellaceae;g__;s__,ob,control
52,TwinsUK,OTU,2307779,k__Bacteria;p__Firmicutes;c__Clostridia;o__Clostridiales;f__Ruminococcaceae;g__Oscillospira;s__,8.27199e-05,0.001418724,Lean,0.0188,0.05090871,(0?0.18),7.08e-11,(0?0.09),0.94909129,(0.82?1),0.128264898,-0.088783858,0.434097513,,,,k__Bacteria;p__Firmicutes;c__Clostridia;o__Clostridiales;f__Ruminococcaceae;g__Oscillospira;s__,ob,control
53,TwinsUK,OTU,4153054,k__Bacteria;p__Firmicutes;c__Clostridia;o__Clostridiales;f__Ruminococcaceae;g__;s__,0.000108848,0.00183227,Lean,0.0504,0.269789201,(0.02?0.38),1.39e-11,(0?0),0.730210799,(0.62?0.85),0.313456919,0.084486536,0.457940766,,,,k__Bacteria;p__Firmicutes;c__Clostridia;o__Clostridiales;f__Ruminococcaceae;g__;s__,ob,control
54,TwinsUK,OTU,176269,k__Bacteria;p__Firmicutes;c__Clostridia;o__Clostridiales;f__Lachnospiraceae;g__Lachnospira;s__,0.000111825,0.001845557,Lean,0.2513,0.131498907,(0?0.28),0.029867079,(0?0.22),0.838634014,(0.72?0.96),0.17645627,0.089819454,0.173273632,,,,k__Bacteria;p__Firmicutes;c__Clostridia;o__Clostridiales;f__Lachnospiraceae;g__Lachnospira;s__,ob,control
55,TwinsUK,OTU,193769,k__Bacteria;p__Firmicutes;c__Clostridia;o__Clostridiales;f__Lachnospiraceae;g__[Ruminococcus];s__gnavus,0.000115728,0.001845557,Obese,0.2008,0.119351436,(0?0.24),7.09e-13,(0?0.17),0.880648564,(0.76?1),0.132188313,0.047264837,0.169846952,,,,k__Bacteria;p__Firmicutes;c__Clostridia;o__Clostridiales;f__Lachnospiraceae;g__[Ruminococcus];s__gnavus,control,ob
56,TwinsUK,OTU,188966,k__Bacteria;p__Actinobacteria;c__Coriobacteriia;o__Coriobacteriales;f__Coriobacteriaceae;g__;s__,0.000115346,0.001845557,Lean,0.5898,2.45e-14,(0?0),3.02e-13,(0?0),1.0,(1?1),-0.030396272,-0.043725757,0.02665897,,,,k__Bacteria;p__Actinobacteria;c__Coriobacteriia;o__Coriobacteriales;f__Coriobacteriaceae;g__;s__,ob,control
57,TwinsUK,OTU,4370941,k__Bacteria;p__Firmicutes;c__Clostridia;o__Clostridiales;f__Ruminococcaceae;g__;s__,0.00012388,0.001941498,Lean,0.0014,0.284550124,(0.11?0.4),9.03e-14,(0?0.12),0.715449876,(0.6?0.84),0.353366923,0.037268823,0.6321962,,,,k__Bacteria;p__Firmicutes;c__Clostridia;o__Clostridiales;f__Ruminococcaceae;g__;s__,ob,control
58,TwinsUK,OTU,836693,k__Bacteria;p__Firmicutes;c__Clostridia;o__SHA-98;f__;g__;s__,0.000140977,0.002002314,Lean,0.002,0.296746912,(0.12?0.41),1.43e-15,(0?0.12),0.703253088,(0.59?0.83),0.365292524,0.041811291,0.646962467,,,,k__Bacteria;p__Firmicutes;c__Clostridia;o__SHA-98;f__;g__;s__,ob,control
59,TwinsUK,Order,k__Bacteria;p__Firmicutes;c__Clostridia;o__SHA;98,nan,0.000140977,0.002002314,Lean,0.002,0.296746912,(0.12?0.41),1.43e-15,(0?0.12),0.703253088,(0.59?0.83),0.365292524,0.041811291,0.646962467,,,,k__Bacteria;p__Firmicutes;c__Clostridia;o__SHA;98,ob,control
60,TwinsUK,Family,k__Bacteria;p__Firmicutes;c__Clostridia;o__SHA;98;f__,nan,0.000140977,0.002002314,Lean,0.002,0.296746912,(0.12?0.41),1.43e-15,(0?0.12),0.703253088,(0.59?0.83),0.365292524,0.041811291,0.646962467,,,,k__Bacteria;p__Firmicutes;c__Clostridia;o__SHA;98;f__,ob,control
61,TwinsUK,Genus,k__Bacteria;p__Firmicutes;c__Clostridia;o__SHA;98;f__;g__,nan,0.000140977,0.002002314,Lean,0.002,0.296746912,(0.12?0.41),1.43e-15,(0?0.12),0.703253088,(0.59?0.83),0.365292524,0.041811291,0.646962467,,,,k__Bacteria;p__Firmicutes;c__Clostridia;o__SHA;98;f__;g__,ob,control
62,TwinsUK,OTU,300374,k__Bacteria;p__Firmicutes;c__Clostridia;o__Clostridiales;f__Ruminococcaceae;g__Oscillospira;s__,0.000135433,0.002002314,Lean,0.0041,0.274870175,(0.11?0.39),2.69e-27,(0?0),0.725129825,(0.61?0.85),0.362123026,0.00708831,0.710069434,,,,k__Bacteria;p__Firmicutes;c__Clostridia;o__Clostridiales;f__Ruminococcaceae;g__Oscillospira;s__,ob,control
63,TwinsUK,OTU,44151,k__Bacteria;p__Firmicutes;c__Clostridia;o__Clostridiales;f__Ruminococcaceae;g__;s__,0.000133181,0.002002314,Lean,0.2859,0.116145501,(0?0.31),0.061376993,(0?0.23),0.822477506,(0.69?0.95),0.184674182,0.118826206,0.131695952,,,,k__Bacteria;p__Firmicutes;c__Clostridia;o__Clostridiales;f__Ruminococcaceae;g__;s__,ob,control
64,TwinsUK,OTU,4421273,k__Bacteria;p__Firmicutes;c__Clostridia;o__Clostridiales;f__Ruminococcaceae;g__Oscillospira;s__,0.000221164,0.003092888,Lean,0.0593,0.293757816,(0?0.4),2.57e-13,(0?0.26),0.706242184,(0.6?0.82),0.326146848,0.129214741,0.393864214,,,,k__Bacteria;p__Firmicutes;c__Clostridia;o__Clostridiales;f__Ruminococcaceae;g__Oscillospira;s__,ob,control
65,TwinsUK,OTU,540055,k__Bacteria;p__Firmicutes;c__Clostridia;o__Clostridiales;f__Ruminococcaceae;g__;s__,0.000251909,0.003417691,Lean,0.066,0.292364943,(0?0.43),0.023187725,(0?0.28),0.684447331,(0.57?0.82),0.322754901,0.169304811,0.306900179,,,,k__Bacteria;p__Firmicutes;c__Clostridia;o__Clostridiales;f__Ruminococcaceae;g__;s__,ob,control
66,TwinsUK,OTU,110192,k__Bacteria;p__Firmicutes;c__Clostridia;o__Clostridiales;f__Ruminococcaceae;g__Oscillospira;s__,0.000248809,0.003417691,Lean,0.0044,0.106651589,(0?0.23),2.88e-14,(0?0.11),0.893348411,(0.77?1),0.186818034,-0.061588034,0.496812135,,,,k__Bacteria;p__Firmicutes;c__Clostridia;o__Clostridiales;f__Ruminococcaceae;g__Oscillospira;s__,ob,control
67,TwinsUK,OTU,180473,k__Bacteria;p__Firmicutes;c__Clostridia;o__Clostridiales;f__Ruminococcaceae;g__;s__,0.000262983,0.003515461,Lean,0.1323,0.171018443,(0?0.29),9.08e-15,(0?0.19),0.828981557,(0.71?0.96),0.179816293,0.067390036,0.224852515,,,,k__Bacteria;p__Firmicutes;c__Clostridia;o__Clostridiales;f__Ruminococcaceae;g__;s__,ob,control
68,TwinsUK,OTU,538322,k__Bacteria;p__Firmicutes;c__Clostridia;o__Clostridiales;f__Ruminococcaceae;g__;s__,0.000286549,0.003774967,Lean,0.1806,0.184481331,(0?0.31),0.005212514,(0?0.22),0.810306156,(0.69?0.95),0.192157433,0.099581897,0.18515107,,,,k__Bacteria;p__Firmicutes;c__Clostridia;o__Clostridiales;f__Ruminococcaceae;g__;s__,ob,control
69,TwinsUK,OTU,207487,k__Bacteria;p__Firmicutes;c__Clostridia;o__Clostridiales;f__Lachnospiraceae;g__Lachnospira;s__,0.000298181,0.0038721,Lean,0.1373,0.111611171,(0?0.23),1.44e-13,(0?0),0.888388829,(0.77?1),0.142792361,0.016709131,0.252166458,,,,k__Bacteria;p__Firmicutes;c__Clostridia;o__Clostridiales;f__Lachnospiraceae;g__Lachnospira;s__,ob,control
70,TwinsUK,OTU,185034,k__Bacteria;p__Firmicutes;c__Clostridia;o__Clostridiales;f__;g__;s__,0.000310804,0.003979165,Lean,0.7941,7.42e-14,(0?0.21),0.101772767,(0?0.2),0.898227233,(0.78?0.99),0.066853226,0.125903729,-0.118101008,,,,k__Bacteria;p__Firmicutes;c__Clostridia;o__Clostridiales;f__;g__;s__,ob,control
71,TwinsUK,OTU,197004,k__Bacteria;p__Firmicutes;c__Clostridia;o__Clostridiales;f__Lachnospiraceae;g__;s__,0.0003178,0.004012222,Obese,0.0772,0.098637043,(0?0.23),1.43e-14,(0?0.13),0.901362957,(0.77?1),0.13868971,-0.002169171,0.281717763,,,,k__Bacteria;p__Firmicutes;c__Clostridia;o__Clostridiales;f__Lachnospiraceae;g__;s__,control,ob
72,TwinsUK,OTU,819353,k__Bacteria;p__Firmicutes;c__Clostridia;o__Clostridiales;f__Ruminococcaceae;g__;s__,0.000325977,0.004059078,Lean,0.04,0.315404525,(0.03?0.43),1.74e-16,(0?0.21),0.684595475,(0.57?0.81),0.343630509,0.126721615,0.433817787,,,,k__Bacteria;p__Firmicutes;c__Clostridia;o__Clostridiales;f__Ruminococcaceae;g__;s__,ob,control
73,TwinsUK,Genus,k__Bacteria;p__Firmicutes;c__Clostridia;o__Clostridiales;f__;Mogibacteriaceae;g__,nan,0.000367254,0.004511267,Lean,0.4516,0.02457828,(0?0.27),0.104497264,(0?0.21),0.870924456,(0.73?0.97),0.129086789,0.120408261,0.017357057,,,,k__Bacteria;p__Firmicutes;c__Clostridia;o__Clostridiales;f__;Mogibacteriaceae;g__,ob,control
74,TwinsUK,OTU,180042,k__Bacteria;p__Firmicutes;c__Clostridia;o__Clostridiales;f__Lachnospiraceae;g__;s__,0.000377829,0.004579283,Lean,0.315,0.096589108,(0?0.27),0.045337443,(0?0.21),0.858073449,(0.73?0.98),0.148509691,0.092723092,0.111573198,,,,k__Bacteria;p__Firmicutes;c__Clostridia;o__Clostridiales;f__Lachnospiraceae;g__;s__,ob,control
75,TwinsUK,OTU,216710,k__Bacteria;p__Firmicutes;c__Clostridia;o__Clostridiales;f__Ruminococcaceae;g__;s__,0.00040376,0.004816193,Lean,0.3029,0.062213944,(0?0.18),1.95e-11,(0?0.13),0.937786056,(0.82?1),0.083631482,0.007250542,0.15276188,,,,k__Bacteria;p__Firmicutes;c__Clostridia;o__Clostridiales;f__Ruminococcaceae;g__;s__,ob,control
76,TwinsUK,Genus,k__Bacteria;p__Firmicutes;c__Clostridia;o__Clostridiales;f__Lachnospiraceae;g__Dorea,nan,0.000415226,0.004816193,Obese,0.4735,0.006354707,(0?0.24),0.098310947,(0?0.2),0.895334346,(0.76?0.99),0.106465398,0.10068495,0.011560897,,,,k__Bacteria;p__Firmicutes;c__Clostridia;o__Clostridiales;f__Lachnospiraceae;g__Dorea,control,ob
77,TwinsUK,Genus,k__Bacteria;p__Bacteroidetes;c__Bacteroidia;o__Bacteroidales;f__Rikenellaceae;g__,nan,0.000418569,0.004816193,Lean,0.5186,3.34e-11,(0?0.29),0.197038494,(0?0.29),0.802961506,(0.71?0.9),0.162989272,0.217513764,-0.109048983,,,,k__Bacteria;p__Bacteroidetes;c__Bacteroidia;o__Bacteroidales;f__Rikenellaceae;g__,ob,control
78,TwinsUK,Family,k__Bacteria;p__Bacteroidetes;c__Bacteroidia;o__Bacteroidales;f__Rikenellaceae,nan,0.000418271,0.004816193,Lean,1,0.0,(0?0),0.196985542,(0.1?0.29),0.803014458,(0.71?0.9),0.162985973,0.217416585,-0.108861223,,,,k__Bacteria;p__Bacteroidetes;c__Bacteroidia;o__Bacteroidales;f__Rikenellaceae,ob,control
79,TwinsUK,OTU,194733,k__Bacteria;p__Firmicutes;c__Clostridia;o__Clostridiales;f__Lachnospiraceae;g__;s__,0.000480155,0.005455767,Obese,0.234,0.150502442,(0?0.28),0.00792654,(0?0.2),0.841571018,(0.72?0.97),0.1714935,0.079753516,0.183479967,,,,k__Bacteria;p__Firmicutes;c__Clostridia;o__Clostridiales;f__Lachnospiraceae;g__;s__,control,ob
80,TwinsUK,OTU,2835813,k__Bacteria;p__Firmicutes;c__Clostridia;o__Clostridiales;f__Ruminococcaceae;g__;s__,0.000494113,0.005545046,Lean,0.0206,0.230015696,(0?0.35),3.18e-14,(0?0.18),0.769984304,(0.65?0.9),0.262278104,0.06844832,0.387659568,,,,k__Bacteria;p__Firmicutes;c__Clostridia;o__Clostridiales;f__Ruminococcaceae;g__;s__,ob,control
81,TwinsUK,OTU,197698,k__Bacteria;p__Firmicutes;c__Clostridia;o__Clostridiales;f__;g__;s__,0.00054646,0.005925379,Lean,0.2926,0.112678713,(0?0.3),0.049203651,(0?0.22),0.838117636,(0.7?0.96),0.156759621,0.10886147,0.095796304,,,,k__Bacteria;p__Firmicutes;c__Clostridia;o__Clostridiales;f__;g__;s__,ob,control
82,TwinsUK,OTU,204126,k__Bacteria;p__Firmicutes;c__Clostridia;o__Clostridiales;f__Ruminococcaceae;g__Oscillospira;s__,0.00054756,0.005925379,Lean,0.5001,3.82e-10,(0?0),0.021459188,(0?0.12),0.978540811,(0.86?1),-0.013773506,0.045856613,-0.119260237,,,,k__Bacteria;p__Firmicutes;c__Clostridia;o__Clostridiales;f__Ruminococcaceae;g__Oscillospira;s__,ob,control
83,TwinsUK,OTU,178478,k__Bacteria;p__Bacteroidetes;c__Bacteroidia;o__Bacteroidales;f__Bacteroidaceae;g__Bacteroides;s__,0.000536006,0.005925379,Lean,0.6972,5.87e-13,(0?0.23),0.098929738,(0?0.19),0.901070262,(0.77?1),0.077116924,0.111836794,-0.069439741,,,,k__Bacteria;p__Bacteroidetes;c__Bacteroidia;o__Bacteroidales;f__Bacteroidaceae;g__Bacteroides;s__,ob,control
84,TwinsUK,OTU,194597,k__Bacteria;p__Firmicutes;c__Clostridia;o__Clostridiales;f__;g__;s__,0.000565864,0.006051416,Lean,0.01,0.229093575,(0.01?0.35),2.56e-13,(0?0),0.770906425,(0.65?0.9),0.272783162,0.048677934,0.448210456,,,,k__Bacteria;p__Firmicutes;c__Clostridia;o__Clostridiales;f__;g__;s__,ob,control
85,TwinsUK,OTU,197864,k__Bacteria;p__Firmicutes;c__Clostridia;o__Clostridiales;f__Ruminococcaceae;g__;s__,0.000595696,0.006296364,Obese,0.2368,0.138477682,(0?0.26),0.000626391,(0?0.19),0.860895926,(0.74?0.99),0.148110185,0.069524608,0.157171154,,,,k__Bacteria;p__Firmicutes;c__Clostridia;o__Clostridiales;f__Ruminococcaceae;g__;s__,control,ob
86,TwinsUK,OTU,332929,k__Bacteria;p__Firmicutes;c__Clostridia;o__Clostridiales;f__Ruminococcaceae;g__;s__,0.000667073,0.006969759,Obese,0.4068,0.042653959,(0?0.2),0.024056317,(0?0.15),0.933289724,(0.8?1),0.069729677,0.046390329,0.046678697,,,,k__Bacteria;p__Firmicutes;c__Clostridia;o__Clostridiales;f__Ruminococcaceae;g__;s__,control,ob
87,TwinsUK,OTU,183681,k__Bacteria;p__Firmicutes;c__Clostridia;o__Clostridiales;f__Ruminococcaceae;g__;s__,0.000687328,0.007099787,Lean,0.0796,0.274987921,(0?0.4),0.010998206,(0?0.27),0.714013873,(0.6?0.85),0.292394156,0.149010498,0.286767315,,,,k__Bacteria;p__Firmicutes;c__Clostridia;o__Clostridiales;f__Ruminococcaceae;g__;s__,ob,control
88,TwinsUK,OTU,193191,k__Bacteria;p__Firmicutes;c__Clostridia;o__Clostridiales;f__Lachnospiraceae;g__Lachnospira;s__,0.0007017,0.007166797,Lean,0.3197,0.094941654,(0?0.26),0.039734579,(0?0.2),0.865323767,(0.74?0.98),0.147048192,0.083208184,0.127680017,,,,k__Bacteria;p__Firmicutes;c__Clostridia;o__Clostridiales;f__Lachnospiraceae;g__Lachnospira;s__,ob,control
89,TwinsUK,OTU,571642,k__Bacteria;p__Firmicutes;c__Clostridia;o__Clostridiales;f__Ruminococcaceae;g__;s__,0.000722149,0.007293706,Lean,1,0.0,(0?0),0.141152469,(0?0.23),0.858847531,(0.66?0.95),0.214249955,0.091397007,0.245705895,,,,k__Bacteria;p__Firmicutes;c__Clostridia;o__Clostridiales;f__Ruminococcaceae;g__;s__,ob,control
90,TwinsUK,OTU,2318497,k__Bacteria;p__Firmicutes;c__Clostridia;o__Clostridiales;f__Clostridiaceae;g__;s__,0.000734575,0.007337681,Lean,0.3945,0.052945405,(0?0.31),0.126184706,(0?0.25),0.820869889,(0.69?0.93),0.184933945,0.15281657,0.06423475,,,,k__Bacteria;p__Firmicutes;c__Clostridia;o__Clostridiales;f__Clostridiaceae;g__;s__,ob,control
91,TwinsUK,OTU,187212,k__Bacteria;p__Firmicutes;c__Clostridia;o__Clostridiales;f__Lachnospiraceae;g__Coprococcus;s__,0.000767495,0.007510773,Obese,0.2655,0.120919525,(0?0.24),3.52e-11,(0?0),0.879080475,(0.76?1),0.131928115,0.056359793,0.151136645,,,,k__Bacteria;p__Firmicutes;c__Clostridia;o__Clostridiales;f__Lachnospiraceae;g__Coprococcus;s__,control,ob
92,TwinsUK,OTU,182167,k__Bacteria;p__Firmicutes;c__Clostridia;o__Clostridiales;f__;g__;s__,0.000768429,0.007510773,Lean,0.438,0.031091779,(0?0.25),0.084976664,(0?0.2),0.883931557,(0.75?0.99),0.120675676,0.101477438,0.038396476,,,,k__Bacteria;p__Firmicutes;c__Clostridia;o__Clostridiales;f__;g__;s__,ob,control
93,TwinsUK,OTU,4465124,k__Bacteria;p__Firmicutes;c__Clostridia;o__Clostridiales;f__Clostridiaceae;g__Clostridium;s__,0.000791217,0.007623124,Lean,0.0017,0.204230611,(0.04?0.33),7.63e-14,(0?0.1),0.795769389,(0.67?0.92),0.298882679,-0.038431715,0.674628789,,,,k__Bacteria;p__Firmicutes;c__Clostridia;o__Clostridiales;f__Clostridiaceae;g__Clostridium;s__,ob,control
94,TwinsUK,OTU,197364,k__Bacteria;p__Firmicutes;c__Clostridia;o__Clostridiales;f__;g__;s__,0.000796696,0.007623124,Obese,0.2209,0.083907097,(0?0.21),1.58e-11,(0?0),0.916092903,(0.79?1),0.097500257,0.026747975,0.141504563,,,,k__Bacteria;p__Firmicutes;c__Clostridia;o__Clostridiales;f__;g__;s__,control,ob
95,TwinsUK,OTU,174792,k__Bacteria;p__Firmicutes;c__Clostridia;o__Clostridiales;f__Lachnospiraceae;g__;s__,0.000815588,0.007722594,Obese,0.48,0.006648502,(0?0.26),0.112648512,(0?0.21),0.880702986,(0.74?0.98),0.120414402,0.117144382,0.00654004,,,,k__Bacteria;p__Firmicutes;c__Clostridia;o__Clostridiales;f__Lachnospiraceae;g__;s__,control,ob
96,TwinsUK,OTU,187404,k__Bacteria;p__Firmicutes;c__Clostridia;o__Clostridiales;f__Ruminococcaceae;g__;s__,0.000828562,0.007764568,Lean,0.0803,0.119114339,(0?0.24),0.0,(0?0),0.880885661,(0.76?1),0.163966023,0.001244247,0.32544355,,,,k__Bacteria;p__Firmicutes;c__Clostridia;o__Clostridiales;f__Ruminococcaceae;g__;s__,ob,control
97,TwinsUK,OTU,179609,k__Bacteria;p__Firmicutes;c__Clostridia;o__Clostridiales;f__Lachnospiraceae;g__;s__,0.000839108,0.007783157,Obese,0.0707,0.053004759,(0?0.18),1.77e-13,(0?0.1),0.946995241,(0.82?1),0.109361921,-0.049023399,0.316770638,,,,k__Bacteria;p__Firmicutes;c__Clostridia;o__Clostridiales;f__Lachnospiraceae;g__;s__,control,ob
98,TwinsUK,Genus,k__Archaea;p__Euryarchaeota;c__Methanobacteria;o__Methanobacteriales;f__Methanobacteriaceae;g__Methanobrevibacter,nan,0.000850299,0.00780729,Lean,0.1481,0.201168189,(0?0.44),0.121280718,(0?0.33),0.677551092,(0.56?0.81),0.322059766,0.225297847,0.193523839,,,,k__Archaea;p__Euryarchaeota;c__Methanobacteria;o__Methanobacteriales;f__Methanobacteriaceae;g__Methanobrevibacter,ob,control
99,TwinsUK,OTU,199286,k__Bacteria;p__Firmicutes;c__Clostridia;o__Clostridiales;f__;g__;s__,0.000873177,0.007937181,Lean,0.0397,0.256030504,(0.02?0.37),1.84e-12,(0?0),0.743969496,(0.63?0.87),0.303608278,0.068333016,0.470550523,,,,k__Bacteria;p__Firmicutes;c__Clostridia;o__Clostridiales;f__;g__;s__,ob,control
100,TwinsUK,OTU,193969,k__Bacteria;p__Firmicutes;c__Clostridia;o__Clostridiales;f__Lachnospiraceae;g__Coprococcus;s__,0.000902964,0.008126673,Lean,0.0363,0.074412208,(0?0.21),6.09e-15,(0?0),0.925587792,(0.79?1),0.131587929,-0.036536014,0.336247886,,,,k__Bacteria;p__Firmicutes;c__Clostridia;o__Clostridiales;f__Lachnospiraceae;g__Coprococcus;s__,ob,control
101,TwinsUK,OTU,198071,k__Bacteria;p__Firmicutes;c__Clostridia;o__Clostridiales;f__Lachnospiraceae;g__;s__,0.00095002,0.008466358,Obese,0.2954,0.108854531,(0?0.26),0.018082911,(0?0.19),0.873062558,(0.74?1),0.128594264,0.07465327,0.107881988,,,,k__Bacteria;p__Firmicutes;c__Clostridia;o__Clostridiales;f__Lachnospiraceae;g__;s__,control,ob
102,TwinsUK,OTU,4438983,k__Archaea;p__Euryarchaeota;c__Methanobacteria;o__Methanobacteriales;f__Methanobacteriaceae;g__Methanobrevibacter;s__,0.000969721,0.008475734,Lean,0.1299,0.218313537,(0?0.44),0.104535551,(0?0.33),0.677150913,(0.56?0.81),0.322564461,0.216999764,0.211129395,,,,k__Archaea;p__Euryarchaeota;c__Methanobacteria;o__Methanobacteriales;f__Methanobacteriaceae;g__Methanobrevibacter;s__,ob,control
103,TwinsUK,OTU,147085,k__Bacteria;p__Firmicutes;c__Clostridia;o__Clostridiales;f__;g__;s__,0.000962803,0.008475734,Obese,0.5505,1.29e-11,(0?0),0.055451149,(0?0.15),0.944548851,(0.81?1),0.041521251,0.065869699,-0.048696896,,,,k__Bacteria;p__Firmicutes;c__Clostridia;o__Clostridiales;f__;g__;s__,control,ob
104,TwinsUK,OTU,196513,k__Bacteria;p__Firmicutes;c__Clostridia;o__Clostridiales;f__Ruminococcaceae;g__;s__,0.000990822,0.008496764,Lean,0.0882,0.207070376,(0?0.33),6.12e-14,(0?0),0.792929624,(0.67?0.93),0.212888799,0.091378882,0.243019835,,,,k__Bacteria;p__Firmicutes;c__Clostridia;o__Clostridiales;f__Ruminococcaceae;g__;s__,ob,control
105,TwinsUK,OTU,198183,k__Bacteria;p__Firmicutes;c__Clostridia;o__Clostridiales;f__;g__;s__,0.000983304,0.008496764,Obese,0.1286,0.135150795,(0?0.26),2.8e-13,(0?0.17),0.864849205,(0.74?0.99),0.159526545,0.03964199,0.239769109,,,,k__Bacteria;p__Firmicutes;c__Clostridia;o__Clostridiales;f__;g__;s__,control,ob
106,TwinsUK,OTU,3014082,k__Bacteria;p__Firmicutes;c__Clostridia;o__Clostridiales;f__Lachnospiraceae;g__Blautia;s__,0.001020024,0.008665441,Obese,0.3927,0.056891589,(0?0.27),0.085985063,(0?0.22),0.857123349,(0.73?0.97),0.152814688,0.112072446,0.081484485,,,,k__Bacteria;p__Firmicutes;c__Clostridia;o__Clostridiales;f__Lachnospiraceae;g__Blautia;s__,control,ob
107,TwinsUK,OTU,183698,k__Bacteria;p__Firmicutes;c__Clostridia;o__Clostridiales;f__Lachnospiraceae;g__;s__,0.001051891,0.008853418,Obese,0.1301,0.119632144,(0?0.24),1.6e-11,(0?0),0.880367856,(0.76?1),0.152443083,0.021311857,0.262262453,,,,k__Bacteria;p__Firmicutes;c__Clostridia;o__Clostridiales;f__Lachnospiraceae;g__;s__,control,ob
108,TwinsUK,Class,k__Archaea;p__Euryarchaeota;c__Methanobacteria,nan,0.001105402,0.009052345,Lean,0.1188,0.229821271,(0?0.46),0.107308137,(0?0.33),0.662870592,(0.54?0.8),0.33616106,0.225834862,0.220652397,,,,k__Archaea;p__Euryarchaeota;c__Methanobacteria,ob,control
109,TwinsUK,Order,k__Archaea;p__Euryarchaeota;c__Methanobacteria;o__Methanobacteriales,nan,0.001105402,0.009052345,Lean,0.1188,0.229821271,(0?0.46),0.107308137,(0?0.33),0.662870592,(0.54?0.8),0.33616106,0.225834862,0.220652397,,,,k__Archaea;p__Euryarchaeota;c__Methanobacteria;o__Methanobacteriales,ob,control
110,TwinsUK,Family,k__Archaea;p__Euryarchaeota;c__Methanobacteria;o__Methanobacteriales;f__Methanobacteriaceae,nan,0.001105402,0.009052345,Lean,0.1188,0.229821271,(0?0.46),0.107308137,(0?0.33),0.662870592,(0.54?0.8),0.33616106,0.225834862,0.220652397,,,,k__Archaea;p__Euryarchaeota;c__Methanobacteria;o__Methanobacteriales;f__Methanobacteriaceae,ob,control
111,TwinsUK,Family,k__Bacteria;p__Firmicutes;c__Clostridia;o__Clostridiales;f__;Mogibacteriaceae;,nan,0.001120967,0.009097851,Lean,0.862,9.38e-15,(0?0.21),0.088599176,(0?0.18),0.911400824,(0.82?1),0.059056994,0.112738568,-0.107363149,,,,k__Bacteria;p__Firmicutes;c__Clostridia;o__Clostridiales;f__;Mogibacteriaceae;,ob,control
112,TwinsUK,OTU,4364405,k__Bacteria;p__Firmicutes;c__Clostridia;o__Clostridiales;f__Ruminococcaceae;g__;s__,0.001158632,0.009253366,Lean,0.0229,0.252210547,(0.02?0.37),5.84e-14,(0?0),0.747789453,(0.63?0.87),0.295844076,0.066211585,0.459264983,,,,k__Bacteria;p__Firmicutes;c__Clostridia;o__Clostridiales;f__Ruminococcaceae;g__;s__,ob,control
113,TwinsUK,OTU,198422,k__Bacteria;p__Firmicutes;c__Clostridia;o__Clostridiales;f__;g__;s__,0.001160488,0.009253366,Obese,0.3481,0.080310107,(0?0.24),0.03277497,(0?0.18),0.886914923,(0.76?1),0.117736626,0.073227293,0.089018667,,,,k__Bacteria;p__Firmicutes;c__Clostridia;o__Clostridiales;f__;g__;s__,control,ob
114,TwinsUK,Genus,k__Bacteria;p__Actinobacteria;c__Coriobacteriia;o__Coriobacteriales;f__Coriobacteriaceae;g__,nan,0.001204944,0.009524299,Lean,0.2634,0.136447367,(0?0.32),0.049174647,(0?0.23),0.814377986,(0.68?0.94),0.187257769,0.118744368,0.137026801,,,,k__Bacteria;p__Actinobacteria;c__Coriobacteriia;o__Coriobacteriales;f__Coriobacteriaceae;g__,ob,control
115,TwinsUK,Genus,k__Bacteria;p__Firmicutes;c__Clostridia;o__Clostridiales;f__Peptococcaceae;g__,nan,0.001239359,0.009661622,Lean,0.058,0.159687107,(0?0.28),6.21e-13,(0?0),0.840312893,(0.72?0.97),0.203024783,0.023575576,0.358898414,,,,k__Bacteria;p__Firmicutes;c__Clostridia;o__Clostridiales;f__Peptococcaceae;g__,ob,control
116,TwinsUK,OTU,177581,k__Bacteria;p__Firmicutes;c__Clostridia;o__Clostridiales;f__Lachnospiraceae;g__;s__,0.001243575,0.009661622,Obese,0.3299,0.086875489,(0?0.27),0.044638196,(0?0.2),0.868486315,(0.73?0.99),0.131457026,0.091370834,0.080172384,,,,k__Bacteria;p__Firmicutes;c__Clostridia;o__Clostridiales;f__Lachnospiraceae;g__;s__,control,ob
117,TwinsUK,OTU,178018,k__Bacteria;p__Firmicutes;c__Clostridia;o__Clostridiales;f__Lachnospiraceae;g__;s__,0.001377738,0.010436368,Lean,0.043,0.225153448,(0?0.35),1.86e-15,(0?0.2),0.774846552,(0.65?0.91),0.242245851,0.087094042,0.310303617,,,,k__Bacteria;p__Firmicutes;c__Clostridia;o__Clostridiales;f__Lachnospiraceae;g__;s__,ob,control
118,TwinsUK,OTU,337511,k__Bacteria;p__Firmicutes;c__Clostridia;o__Clostridiales;f__Clostridiaceae;g__;s__,0.001366813,0.010436368,Lean,0.0994,0.219499569,(0?0.34),0.0,(0?0),0.780500431,(0.66?0.91),0.248070835,0.079976153,0.336189365,,,,k__Bacteria;p__Firmicutes;c__Clostridia;o__Clostridiales;f__Clostridiaceae;g__;s__,ob,control
119,TwinsUK,Genus,k__Bacteria;p__Firmicutes;c__Clostridia;o__Clostridiales;f__Ruminococcaceae;g__Oscillospira,nan,0.001360906,0.010436368,Lean,0.1347,0.137075062,(0?0.26),7.71e-13,(0?0),0.862924938,(0.74?0.99),0.173503447,0.023538465,0.299929965,,,,k__Bacteria;p__Firmicutes;c__Clostridia;o__Clostridiales;f__Ruminococcaceae;g__Oscillospira,ob,control
120,TwinsUK,Phylum,k__Archaea;p__Euryarchaeota,nan,0.00140763,0.010574671,Lean,0.0736,0.287704899,(0?0.48),0.073483968,(0?0.32),0.638811133,(0.52?0.77),0.361254759,0.220369155,0.281771207,,,,k__Archaea;p__Euryarchaeota,ob,control
121,TwinsUK,Family,k__Bacteria;p__Firmicutes;c__Clostridia;o__Clostridiales;f__Peptococcaceae,nan,0.00143137,0.010664878,Lean,0.2432,0.121259843,(0?0.25),2.55e-12,(0?0),0.878740157,(0.75?1),0.124744666,0.059706627,0.130076078,,,,k__Bacteria;p__Firmicutes;c__Clostridia;o__Clostridiales;f__Peptococcaceae,ob,control
122,TwinsUK,OTU,188333,k__Bacteria;p__Firmicutes;c__Clostridia;o__Clostridiales;f__Lachnospiraceae;g__[Ruminococcus];s__gnavus,0.00147003,0.01086388,Obese,0.0425,0.14301765,(0?0.27),1.84e-13,(0?0),0.85698235,(0.73?0.99),0.180440699,0.021442279,0.317996841,,,,k__Bacteria;p__Firmicutes;c__Clostridia;o__Clostridiales;f__Lachnospiraceae;g__[Ruminococcus];s__gnavus,control,ob
123,TwinsUK,OTU,317814,k__Bacteria;p__Firmicutes;c__Clostridia;o__Clostridiales;f__;g__;s__,0.001502096,0.011011331,Lean,0.5574,5.84e-12,(0?0.3),0.206733737,(0?0.3),0.793266263,(0.68?0.89),0.20944765,0.208472766,0.001949767,,,,k__Bacteria;p__Firmicutes;c__Clostridia;o__Clostridiales;f__;g__;s__,ob,control
124,TwinsUK,OTU,181174,k__Bacteria;p__Firmicutes;c__Clostridia;o__Clostridiales;f__Ruminococcaceae;g__;s__,0.00165283,0.012019377,Lean,0.4263,0.034061978,(0?0.2),0.042797322,(0?0.16),0.9231407,(0.8?1),0.085892586,0.057979948,0.055825277,,,,k__Bacteria;p__Firmicutes;c__Clostridia;o__Clostridiales;f__Ruminococcaceae;g__;s__,ob,control
125,TwinsUK,OTU,186955,k__Bacteria;p__Firmicutes;c__Clostridia;o__Clostridiales;f__Lachnospiraceae;g__;s__,0.001713899,0.012364555,Obese,0.3081,0.092865014,(0?0.23),0.004773699,(0?0.16),0.902361287,(0.77?1),0.096291402,0.052894941,0.086792922,,,,k__Bacteria;p__Firmicutes;c__Clostridia;o__Clostridiales;f__Lachnospiraceae;g__;s__,control,ob
126,TwinsUK,OTU,311820,k__Bacteria;p__Firmicutes;c__Clostridia;o__Clostridiales;f__Lachnospiraceae;g__;s__,0.00178052,0.012744038,Obese,0.2206,0.044043194,(0?0.18),0.0,(0?0.11),0.955956806,(0.82?1),0.064677228,-0.001086006,0.131526467,,,,k__Bacteria;p__Firmicutes;c__Clostridia;o__Clostridiales;f__Lachnospiraceae;g__;s__,control,ob
127,TwinsUK,OTU,3856408,k__Bacteria;p__Firmicutes;c__Clostridia;o__Clostridiales;f__Lachnospiraceae;g__;s__,0.001854882,0.013172562,Lean,0.406,0.048768179,(0?0.26),0.074072189,(0?0.2),0.877159632,(0.74?0.99),0.117859892,0.101380853,0.032958077,,,,k__Bacteria;p__Firmicutes;c__Clostridia;o__Clostridiales;f__Lachnospiraceae;g__;s__,ob,control
128,TwinsUK,OTU,182188,k__Bacteria;p__Firmicutes;c__Clostridia;o__Clostridiales;f__;g__;s__,0.002071488,0.014596766,Lean,0.0631,0.195055776,(0?0.32),3.99e-15,(0?0.19),0.804944224,(0.68?0.94),0.203127408,0.080107727,0.246039361,,,,k__Bacteria;p__Firmicutes;c__Clostridia;o__Clostridiales;f__;g__;s__,ob,control
129,TwinsUK,Genus,k__Bacteria;p__Firmicutes;c__Clostridia;o__Clostridiales;f__Lachnospiraceae;g__,nan,0.002167051,0.015152688,Obese,0.1416,0.233415426,(0?0.35),0.0,(0?0.24),0.766584574,(0.65?0.9),0.249649522,0.111693203,0.275912638,,,,k__Bacteria;p__Firmicutes;c__Clostridia;o__Clostridiales;f__Lachnospiraceae;g__,control,ob
130,TwinsUK,OTU,2256425,k__Bacteria;p__Firmicutes;c__Clostridia;o__Clostridiales;f__Christensenellaceae;g__;s__,0.002201314,0.015274765,Lean,0.0531,0.208099617,(0?0.33),2.72e-12,(0?0.18),0.791900383,(0.67?0.92),0.246087897,0.057185236,0.377805323,,,,k__Bacteria;p__Firmicutes;c__Clostridia;o__Clostridiales;f__Christensenellaceae;g__;s__,ob,control
131,TwinsUK,OTU,193129,k__Bacteria;p__Firmicutes;c__Clostridia;o__Clostridiales;f__Lachnospiraceae;g__;s__,0.002223717,0.015313327,Lean,0.1793,0.186723428,(0?0.32),0.010354889,(0?0.22),0.802921683,(0.68?0.94),0.189037788,0.108687122,0.160701332,,,,k__Bacteria;p__Firmicutes;c__Clostridia;o__Clostridiales;f__Lachnospiraceae;g__;s__,ob,control
132,TwinsUK,OTU,199677,k__Bacteria;p__Firmicutes;c__Clostridia;o__Clostridiales;f__;g__;s__,0.002268865,0.015506757,Obese,0.2875,0.018964288,(0?0.15),1.67e-13,(0?0.1),0.981035712,(0.85?1),0.037095175,-0.014078474,0.102347296,,,,k__Bacteria;p__Firmicutes;c__Clostridia;o__Clostridiales;f__;g__;s__,control,ob
133,TwinsUK,OTU,4446669,k__Bacteria;p__Firmicutes;c__Clostridia;o__Clostridiales;f__Ruminococcaceae;g__;s__,0.002306758,0.015648082,Lean,0.5981,2.74e-14,(0?0),0.0,(0?0),1.0,(1?1),-0.059078369,-0.000157483,-0.117841773,,,,k__Bacteria;p__Firmicutes;c__Clostridia;o__Clostridiales;f__Ruminococcaceae;g__;s__,ob,control
134,TwinsUK,OTU,2017729,k__Bacteria;p__Firmicutes;c__Clostridia;o__Clostridiales;f__Lachnospiraceae;g__;s__,0.002418393,0.016283845,Obese,0.0498,0.125344348,(0?0.25),1.24e-13,(0?0),0.874655652,(0.75?1),0.176208283,-0.004324671,0.361065907,,,,k__Bacteria;p__Firmicutes;c__Clostridia;o__Clostridiales;f__Lachnospiraceae;g__;s__,control,ob
135,TwinsUK,OTU,192127,k__Bacteria;p__Firmicutes;c__Clostridia;o__Clostridiales;f__Lachnospiraceae;g__;s__,0.002608434,0.017434315,Lean,0.0802,0.180560283,(0?0.3),3.37e-14,(0?0.19),0.819439717,(0.7?0.95),0.197175809,0.068625313,0.257100992,,,,k__Bacteria;p__Firmicutes;c__Clostridia;o__Clostridiales;f__Lachnospiraceae;g__;s__,ob,control
136,TwinsUK,OTU,4372382,k__Bacteria;p__Firmicutes;c__Clostridia;o__Clostridiales;f__Lachnospiraceae;g__;s__,0.002667172,0.017696782,Lean,0.1416,0.108360232,(0?0.24),6.68e-14,(0?0.15),0.891639768,(0.76?1),0.126442638,0.031378032,0.190129213,,,,k__Bacteria;p__Firmicutes;c__Clostridia;o__Clostridiales;f__Lachnospiraceae;g__;s__,ob,control
137,TwinsUK,Genus,k__Bacteria;p__Firmicutes;c__Clostridia;o__Clostridiales;f__Ruminococcaceae;g__,nan,0.002837755,0.018318418,Lean,0.0484,0.300441017,(0.02?0.41),1.82e-13,(0?0.22),0.699558983,(0.59?0.82),0.346334215,0.108543232,0.475581966,,,,k__Bacteria;p__Firmicutes;c__Clostridia;o__Clostridiales;f__Ruminococcaceae;g__,ob,control
138,TwinsUK,OTU,176062,k__Bacteria;p__Firmicutes;c__Clostridia;o__Clostridiales;f__;g__;s__,0.002824544,0.018318418,Lean,0.0404,0.271705854,(0?0.39),2.5e-13,(0?0),0.728294146,(0.61?0.85),0.289261785,0.113762985,0.3509976,,,,k__Bacteria;p__Firmicutes;c__Clostridia;o__Clostridiales;f__;g__;s__,ob,control
139,TwinsUK,OTU,197890,k__Bacteria;p__Firmicutes;c__Clostridia;o__Clostridiales;f__Ruminococcaceae;g__Oscillospira;s__,0.002841471,0.018318418,Lean,0.1039,0.179039885,(0?0.3),0.0,(0?0.19),0.820960115,(0.7?0.95),0.201963461,0.060990773,0.281945377,,,,k__Bacteria;p__Firmicutes;c__Clostridia;o__Clostridiales;f__Ruminococcaceae;g__Oscillospira;s__,ob,control
140,TwinsUK,OTU,196724,k__Bacteria;p__Firmicutes;c__Clostridia;o__Clostridiales;f__Lachnospiraceae;g__Blautia;s__,0.002809107,0.018318418,Obese,0.5488,8.26e-12,(0?0.28),0.18305406,(0?0.27),0.81694594,(0.73?0.91),0.166353856,0.198451488,-0.064195263,,,,k__Bacteria;p__Firmicutes;c__Clostridia;o__Clostridiales;f__Lachnospiraceae;g__Blautia;s__,control,ob
141,TwinsUK,OTU,194110,k__Bacteria;p__Firmicutes;c__Clostridia;o__Clostridiales;f__Lachnospiraceae;g__Lachnospira;s__,0.002862498,0.018324021,Lean,0.3391,0.080619991,(0?0.32),0.115737798,(0?0.27),0.803642211,(0.68?0.92),0.214804862,0.145319902,0.13896992,,,,k__Bacteria;p__Firmicutes;c__Clostridia;o__Clostridiales;f__Lachnospiraceae;g__Lachnospira;s__,ob,control
142,TwinsUK,OTU,4431545,k__Bacteria;p__Firmicutes;c__Clostridia;o__Clostridiales;f__Ruminococcaceae;g__;s__,0.003084097,0.019604503,Obese,0.1673,0.191201026,(0?0.37),0.054372012,(0?0.27),0.754426961,(0.63?0.89),0.250321391,0.149918519,0.200805744,,,,k__Bacteria;p__Firmicutes;c__Clostridia;o__Clostridiales;f__Ruminococcaceae;g__;s__,control,ob
143,TwinsUK,OTU,182864,k__Bacteria;p__Firmicutes;c__Clostridia;o__Clostridiales;f__Lachnospiraceae;g__Blautia;s__,0.003129729,0.019756412,Obese,0.8891,5.3e-15,(0?0.25),0.130142906,(0?0.22),0.869857094,(0.75?0.97),0.113801314,0.139790115,-0.051977603,,,,k__Bacteria;p__Firmicutes;c__Clostridia;o__Clostridiales;f__Lachnospiraceae;g__Blautia;s__,control,ob
144,TwinsUK,OTU,178117,k__Bacteria;p__Firmicutes;c__Clostridia;o__Clostridiales;f__Ruminococcaceae;g__Ruminococcus;s__,0.003160428,0.019812614,Lean,0.898,1.83e-15,(0?0),0.076734343,(0?0.17),0.923265657,(0.8?1),0.064314666,0.090034994,-0.051440656,,,,k__Bacteria;p__Firmicutes;c__Clostridia;o__Clostridiales;f__Ruminococcaceae;g__Ruminococcus;s__,ob,control
145,TwinsUK,OTU,194236,k__Bacteria;p__Firmicutes;c__Clostridia;o__Clostridiales;f__;g__;s__,0.003268228,0.020348076,Lean,0.0069,0.138489988,(0?0.27),2.83e-43,(0?0),0.861510012,(0.73?0.99),0.211033188,-0.029944003,0.481954382,,,,k__Bacteria;p__Firmicutes;c__Clostridia;o__Clostridiales;f__;g__;s__,ob,control
146,TwinsUK,OTU,4449427,k__Bacteria;p__Firmicutes;c__Clostridia;o__Clostridiales;f__Lachnospiraceae;g__Dorea;s__,0.003328756,0.02058394,Obese,0.1309,0.170683103,(0?0.29),5.76e-12,(0?0),0.829316897,(0.71?0.95),0.189250115,0.060968212,0.256563806,,,,k__Bacteria;p__Firmicutes;c__Clostridia;o__Clostridiales;f__Lachnospiraceae;g__Dorea;s__,control,ob
147,TwinsUK,OTU,190100,k__Bacteria;p__Firmicutes;c__Clostridia;o__Clostridiales;f__Lachnospiraceae;g__Blautia;s__,0.003464146,0.021101023,Obese,0.1198,0.151988787,(0?0.28),1.73e-12,(0?0.18),0.848011213,(0.72?0.98),0.171121658,0.054290261,0.233662794,,,,k__Bacteria;p__Firmicutes;c__Clostridia;o__Clostridiales;f__Lachnospiraceae;g__Blautia;s__,control,ob
148,TwinsUK,OTU,187917,k__Bacteria;p__Firmicutes;c__Clostridia;o__Clostridiales;f__Ruminococcaceae;g__;s__,0.003482017,0.021101023,Lean,0.3785,0.063641729,(0?0.26),0.065527002,(0?0.2),0.870831269,(0.74?0.98),0.1371912,0.09642698,0.081528439,,,,k__Bacteria;p__Firmicutes;c__Clostridia;o__Clostridiales;f__Ruminococcaceae;g__;s__,ob,control
149,TwinsUK,OTU,162623,k__Bacteria;p__Firmicutes;c__Clostridia;o__Clostridiales;f__Lachnospiraceae;g__Roseburia;s__,0.003477506,0.021101023,Obese,0.1567,0.032532394,(0?0.16),1.18e-11,(0?0),0.967467606,(0.84?1),0.070114042,-0.029644294,0.199516671,,,,k__Bacteria;p__Firmicutes;c__Clostridia;o__Clostridiales;f__Lachnospiraceae;g__Roseburia;s__,control,ob
150,TwinsUK,OTU,192983,k__Bacteria;p__Firmicutes;c__Clostridia;o__Clostridiales;f__Lachnospiraceae;g__;s__,0.003577369,0.021535289,Obese,0.2535,0.133696,(0?0.31),0.044369324,(0?0.23),0.821934676,(0.69?0.95),0.185249825,0.111175796,0.148148058,,,,k__Bacteria;p__Firmicutes;c__Clostridia;o__Clostridiales;f__Lachnospiraceae;g__;s__,control,ob
151,TwinsUK,OTU,184465,k__Bacteria;p__Firmicutes;c__Clostridia;o__Clostridiales;f__Lachnospiraceae;g__;s__,0.003677013,0.021989504,Obese,0.034,0.124623174,(0?0.25),2.06e-12,(0?0.14),0.875376826,(0.75?1),0.177918043,-0.008726505,0.373289097,,,,k__Bacteria;p__Firmicutes;c__Clostridia;o__Clostridiales;f__Lachnospiraceae;g__;s__,control,ob
152,TwinsUK,OTU,179744,k__Bacteria;p__Firmicutes;c__Clostridia;o__Clostridiales;f__;g__;s__,0.003709248,0.022037296,Lean,0.1474,0.206792108,(0?0.38),0.047062339,(0?0.27),0.746145553,(0.62?0.88),0.263669094,0.14920616,0.228925868,,,,k__Bacteria;p__Firmicutes;c__Clostridia;o__Clostridiales;f__;g__;s__,ob,control
153,TwinsUK,OTU,195465,k__Bacteria;p__Firmicutes;c__Clostridia;o__Clostridiales;f__Lachnospiraceae;g__;s__,0.003742613,0.022091137,Obese,0.4444,0.025255147,(0?0.25),0.09005489,(0?0.2),0.884689963,(0.75?0.99),0.117588016,0.102440568,0.030294896,,,,k__Bacteria;p__Firmicutes;c__Clostridia;o__Clostridiales;f__Lachnospiraceae;g__;s__,control,ob
154,TwinsUK,Family,k__Bacteria;p__Firmicutes;c__Clostridia;o__Clostridiales;f__Lachnospiraceae,nan,0.003835652,0.022494245,Obese,0.1508,0.217218039,(0?0.35),0.019844597,(0?0.25),0.762937364,(0.65?0.9),0.251925786,0.125173405,0.253504762,,,,k__Bacteria;p__Firmicutes;c__Clostridia;o__Clostridiales;f__Lachnospiraceae,control,ob
155,TwinsUK,OTU,1102370,k__Bacteria;p__Firmicutes;c__Clostridia;o__Clostridiales;f__Ruminococcaceae;g__;s__,0.003882444,0.022622704,Lean,0.067,0.292781968,(0?0.44),0.036484915,(0?0.29),0.670733117,(0.56?0.81),0.336175162,0.182902868,0.30654459,,,,k__Bacteria;p__Firmicutes;c__Clostridia;o__Clostridiales;f__Ruminococcaceae;g__;s__,ob,control
156,TwinsUK,OTU,4425669,k__Bacteria;p__Firmicutes;c__Clostridia;o__Clostridiales;f__Lachnospiraceae;g__Coprococcus;s__,0.004091451,0.023688721,Lean,0.3078,0.09982799,(0?0.32),0.083474129,(0?0.24),0.816697882,(0.68?0.94),0.178230239,0.136879827,0.082700823,,,,k__Bacteria;p__Firmicutes;c__Clostridia;o__Clostridiales;f__Lachnospiraceae;g__Coprococcus;s__,ob,control
157,TwinsUK,OTU,302160,k__Bacteria;p__Firmicutes;c__Clostridia;o__Clostridiales;f__Ruminococcaceae;g__;s__,0.004312634,0.024811296,Lean,0.0962,0.188550733,(0?0.31),1.02e-11,(0?0.19),0.811449267,(0.69?0.94),0.220067237,0.057705499,0.324723475,,,,k__Bacteria;p__Firmicutes;c__Clostridia;o__Clostridiales;f__Ruminococcaceae;g__;s__,ob,control
158,TwinsUK,OTU,292758,k__Bacteria;p__Firmicutes;c__Clostridia;o__Clostridiales;f__;g__;s__,0.004385818,0.025073641,Lean,0.0163,0.29736843,(0.03?0.41),5.29e-16,(0?0.19),0.70263157,(0.59?0.83),0.321010997,0.111221738,0.419578518,,,,k__Bacteria;p__Firmicutes;c__Clostridia;o__Clostridiales;f__;g__;s__,ob,control
159,TwinsUK,OTU,4439603,k__Bacteria;p__Firmicutes;c__Bacilli;o__Lactobacillales;f__Streptococcaceae;g__Streptococcus;s__,0.004419902,0.025110571,Obese,0.8481,2.56e-14,(0?0.13),0.181037434,(0.06?0.27),0.818962566,(0.73?0.91),0.050236531,0.281721009,-0.462968957,,,,k__Bacteria;p__Firmicutes;c__Bacilli;o__Lactobacillales;f__Streptococcaceae;g__Streptococcus;s__,control,ob
160,TwinsUK,OTU,177172,k__Bacteria;p__Firmicutes;c__Clostridia;o__Clostridiales;f__Lachnospiraceae;g__Coprococcus;s__,0.004677542,0.026409226,Obese,0.0471,0.112718674,(0?0.24),2.29e-14,(0?0),0.887281326,(0.76?1),0.169773798,-0.021463374,0.382474344,,,,k__Bacteria;p__Firmicutes;c__Clostridia;o__Clostridiales;f__Lachnospiraceae;g__Coprococcus;s__,control,ob
161,TwinsUK,OTU,180606,k__Bacteria;p__Bacteroidetes;c__Bacteroidia;o__Bacteroidales;f__Bacteroidaceae;g__Bacteroides;s__ovatus,0.00471495,0.026456106,Obese,0.2154,0.047740487,(0?0.17),1.09e-13,(0?0),0.952259513,(0.83?1),0.076551101,-0.011582407,0.176267017,,,,k__Bacteria;p__Bacteroidetes;c__Bacteroidia;o__Bacteroidales;f__Bacteroidaceae;g__Bacteroides;s__ovatus,control,ob
162,TwinsUK,Genus,k__Bacteria;p__Firmicutes;c__Clostridia;o__Clostridiales;f__Lachnospiraceae;g__;Ruminococcus;,nan,0.004821772,0.026889512,Obese,0.5881,4.32e-12,(0?0.21),0.0868274,(0?0.18),0.9131726,(0.82?1),0.049823151,0.112041897,-0.124437492,,,,k__Bacteria;p__Firmicutes;c__Clostridia;o__Clostridiales;f__Lachnospiraceae;g__;Ruminococcus;,control,ob
163,TwinsUK,OTU,212532,k__Bacteria;p__Firmicutes;c__Clostridia;o__Clostridiales;f__Ruminococcaceae;g__;s__,0.00504541,0.027965106,Lean,0.0363,0.257825702,(0?0.38),9.73e-14,(0?0),0.742174298,(0.62?0.88),0.259740228,0.119822621,0.279835214,,,,k__Bacteria;p__Firmicutes;c__Clostridia;o__Clostridiales;f__Ruminococcaceae;g__;s__,ob,control
164,TwinsUK,OTU,4202174,k__Bacteria;p__Firmicutes;c__Clostridia;o__Clostridiales;f__Clostridiaceae;g__;s__,0.006201593,0.034165139,Lean,0.2135,0.15391226,(0?0.37),0.086941363,(0?0.28),0.759146378,(0.63?0.89),0.250184048,0.161765256,0.176837584,,,,k__Bacteria;p__Firmicutes;c__Clostridia;o__Clostridiales;f__Clostridiaceae;g__;s__,ob,control
165,TwinsUK,OTU,177134,k__Bacteria;p__Firmicutes;c__Clostridia;o__Clostridiales;f__Ruminococcaceae;g__;s__,0.006398019,0.035034936,Lean,0.0219,0.253188127,(0.03?0.37),2.03e-15,(0?0.16),0.746811873,(0.63?0.87),0.302346333,0.058524241,0.487644184,,,,k__Bacteria;p__Firmicutes;c__Clostridia;o__Clostridiales;f__Ruminococcaceae;g__;s__,ob,control
166,TwinsUK,OTU,180414,k__Bacteria;p__Firmicutes;c__Clostridia;o__Clostridiales;f__Lachnospiraceae;g__Blautia;s__,0.006601773,0.035894289,Obese,0.1422,0.157376141,(0.03?0.28),1.14e-14,(0?0),0.842623859,(0.72?0.98),0.168788186,0.068137486,0.2013014,,,,k__Bacteria;p__Firmicutes;c__Clostridia;o__Clostridiales;f__Lachnospiraceae;g__Blautia;s__,control,ob
167,TwinsUK,OTU,178965,k__Bacteria;p__Firmicutes;c__Clostridia;o__Clostridiales;f__;g__;s__,0.006633928,0.035894289,Lean,0.2382,0.147510832,(0?0.31),0.043826804,(0?0.24),0.808662364,(0.69?0.93),0.216104542,0.107020033,0.218169019,,,,k__Bacteria;p__Firmicutes;c__Clostridia;o__Clostridiales;f__;g__;s__,ob,control
168,TwinsUK,OTU,184525,k__Bacteria;p__Firmicutes;c__Clostridia;o__Clostridiales;f__Lachnospiraceae;g__Coprococcus;s__,0.00679339,0.036539592,Obese,0.0302,0.159838584,(0?0.28),1.73e-11,(0?0.13),0.840161416,(0.72?0.96),0.229199417,-0.025184629,0.508768092,,,,k__Bacteria;p__Firmicutes;c__Clostridia;o__Clostridiales;f__Lachnospiraceae;g__Coprococcus;s__,control,ob
169,TwinsUK,OTU,4020502,k__Bacteria;p__Bacteroidetes;c__Bacteroidia;o__Bacteroidales;f__Bacteroidaceae;g__Bacteroides;s__,0.006860413,0.036683034,Lean,0.7521,3.67e-13,(0?0),0.05496491,(0?0.15),0.94503509,(0.85?1),0.015126458,0.085325418,-0.14039792,,,,k__Bacteria;p__Bacteroidetes;c__Bacteroidia;o__Bacteroidales;f__Bacteroidaceae;g__Bacteroides;s__,ob,control
170,TwinsUK,OTU,4437359,k__Bacteria;p__Firmicutes;c__Clostridia;o__Clostridiales;f__Ruminococcaceae;g__Oscillospira;s__,0.007127174,0.037448562,Lean,0.2313,0.151682557,(0?0.31),0.034548524,(0?0.23),0.813768919,(0.69?0.94),0.188829698,0.105568452,0.166522492,,,,k__Bacteria;p__Firmicutes;c__Clostridia;o__Clostridiales;f__Ruminococcaceae;g__Oscillospira;s__,ob,control
171,TwinsUK,OTU,185558,k__Bacteria;p__Firmicutes;c__Clostridia;o__Clostridiales;f__;g__;s__,0.007093068,0.037448562,Lean,0.0544,0.12194561,(0?0.25),4.23e-12,(0?0.14),0.87805439,(0.75?1),0.174120466,-0.008772375,0.365785683,,,,k__Bacteria;p__Firmicutes;c__Clostridia;o__Clostridiales;f__;g__;s__,ob,control
172,TwinsUK,OTU,4425663,k__Bacteria;p__Firmicutes;c__Clostridia;o__Clostridiales;f__;g__;s__,0.007124808,0.037448562,Lean,0.5927,3.59e-12,(0?0.26),0.129134142,(0?0.22),0.870865858,(0.78?0.97),0.113073582,0.141086619,-0.056026073,,,,k__Bacteria;p__Firmicutes;c__Clostridia;o__Clostridiales;f__;g__;s__,ob,control
173,TwinsUK,OTU,4331760,k__Bacteria;p__Bacteroidetes;c__Bacteroidia;o__Bacteroidales;f__Rikenellaceae;g__;s__,0.007645095,0.039939032,Lean,0.9037,8.65e-27,(0?0),0.000401456,(0?0.1),0.999598544,(0.88?1),-0.011335239,0.013444825,-0.049560129,,,,k__Bacteria;p__Bacteroidetes;c__Bacteroidia;o__Bacteroidales;f__Rikenellaceae;g__;s__,ob,control
174,TwinsUK,OTU,3422630,k__Bacteria;p__Firmicutes;c__Clostridia;o__Clostridiales;f__Ruminococcaceae;g__;s__,0.007739342,0.039971943,Lean,0.0316,0.159151832,(0?0.28),2.03e-25,(0?0),0.840848168,(0.72?0.97),0.214047837,0.004030689,0.420034295,,,,k__Bacteria;p__Firmicutes;c__Clostridia;o__Clostridiales;f__Ruminococcaceae;g__;s__,ob,control
175,TwinsUK,OTU,187356,k__Bacteria;p__Firmicutes;c__Clostridia;o__Clostridiales;f__Lachnospiraceae;g__Coprococcus;s__,0.007717864,0.039971943,Obese,0.1301,0.057895514,(0?0.18),3.16e-13,(0?0),0.942104486,(0.82?1),0.100037171,-0.028787276,0.257648895,,,,k__Bacteria;p__Firmicutes;c__Clostridia;o__Clostridiales;f__Lachnospiraceae;g__Coprococcus;s__,control,ob
176,TwinsUK,OTU,189828,k__Bacteria;p__Firmicutes;c__Clostridia;o__Clostridiales;f__Ruminococcaceae;g__;s__,0.007862015,0.04037611,Lean,0.0921,0.237599216,(0?0.35),3.85e-13,(0?0),0.762400784,(0.65?0.9),0.248237285,0.105186532,0.286101506,,,,k__Bacteria;p__Firmicutes;c__Clostridia;o__Clostridiales;f__Ruminococcaceae;g__;s__,ob,control
177,TwinsUK,OTU,192720,k__Bacteria;p__Firmicutes;c__Clostridia;o__Clostridiales;f__Ruminococcaceae;g__;s__,0.007980859,0.040756182,Lean,0.1322,0.220400323,(0?0.34),0.0,(0?0.27),0.779599677,(0.66?0.93),0.193362494,0.157680176,0.071364636,,,,k__Bacteria;p__Firmicutes;c__Clostridia;o__Clostridiales;f__Ruminococcaceae;g__;s__,ob,control
178,TwinsUK,OTU,179267,k__Bacteria;p__Firmicutes;c__Clostridia;o__Clostridiales;f__Lachnospiraceae;g__Coprococcus;s__,0.00808792,0.041072177,Obese,0.0684,0.150831467,(0?0.27),6.46e-12,(0?0),0.849168533,(0.73?0.97),0.209190042,-0.00555426,0.429488603,,,,k__Bacteria;p__Firmicutes;c__Clostridia;o__Clostridiales;f__Lachnospiraceae;g__Coprococcus;s__,control,ob
179,TwinsUK,OTU,4419459,k__Bacteria;p__Firmicutes;c__Clostridia;o__Clostridiales;f__;g__;s__,0.008249111,0.041427855,Lean,0.1403,0.216330652,(0?0.36),0.016261517,(0?0.24),0.767407831,(0.64?0.91),0.224639181,0.128919468,0.191439425,,,,k__Bacteria;p__Firmicutes;c__Clostridia;o__Clostridiales;f__;g__;s__,ob,control
180,TwinsUK,OTU,188316,k__Bacteria;p__Firmicutes;c__Clostridia;o__Clostridiales;f__Ruminococcaceae;g__Oscillospira;s__,0.008216503,0.041427855,Lean,0.7934,3.87e-14,(0?0),0.015735119,(0?0.11),0.984264881,(0.86?1),0.002716998,0.028879571,-0.052325146,,,,k__Bacteria;p__Firmicutes;c__Clostridia;o__Clostridiales;f__Ruminococcaceae;g__Oscillospira;s__,ob,control
181,TwinsUK,OTU,309391,k__Bacteria;p__Firmicutes;c__Clostridia;o__Clostridiales;f__;g__;s__,0.008355363,0.041730905,Lean,1,0.0,(0?0),0.0,(0?0),1.0,(1?1),0.032294641,-0.095229799,0.25504888,,,,k__Bacteria;p__Firmicutes;c__Clostridia;o__Clostridiales;f__;g__;s__,ob,control
182,TwinsUK,OTU,230421,k__Bacteria;p__Firmicutes;c__Clostridia;o__Clostridiales;f__Ruminococcaceae;g__;s__,0.0084581,0.041784854,Obese,0.3834,0.055586669,(0?0.27),0.077891676,(0?0.21),0.866521656,(0.73?0.98),0.141873025,0.104351553,0.075042945,,,,k__Bacteria;p__Firmicutes;c__Clostridia;o__Clostridiales;f__Ruminococcaceae;g__;s__,control,ob
183,TwinsUK,OTU,182874,k__Bacteria;p__Bacteroidetes;c__Bacteroidia;o__Bacteroidales;f__Bacteroidaceae;g__Bacteroides;s__,0.008446297,0.041784854,Obese,0.643,1.56e-12,(0?0.19),0.073167309,(0?0.17),0.926832691,(0.83?1),0.062060831,0.085538561,-0.046955462,,,,k__Bacteria;p__Bacteroidetes;c__Bacteroidia;o__Bacteroidales;f__Bacteroidaceae;g__Bacteroides;s__,control,ob
184,TwinsUK,OTU,2724175,k__Bacteria;p__Firmicutes;c__Clostridia;o__Clostridiales;f__Lachnospiraceae;g__;s__,0.008509217,0.041810155,Obese,0.0106,0.233353848,(0.01?0.35),8.39e-15,(0?0),0.766646152,(0.65?0.89),0.277793236,0.053271448,0.449043575,,,,k__Bacteria;p__Firmicutes;c__Clostridia;o__Clostridiales;f__Lachnospiraceae;g__;s__,control,ob
185,TwinsUK,OTU,19611,k__Bacteria;p__Firmicutes;c__Clostridia;o__Clostridiales;f__Ruminococcaceae;g__;s__,0.008800608,0.042989582,Lean,0.2313,0.100004181,(0?0.22),2.51e-13,(0?0.15),0.899995819,(0.78?1),0.124579762,0.024946114,0.199267295,,,,k__Bacteria;p__Firmicutes;c__Clostridia;o__Clostridiales;f__Ruminococcaceae;g__;s__,ob,control
186,TwinsUK,OTU,2617854,k__Bacteria;p__Bacteroidetes;c__Bacteroidia;o__Bacteroidales;f__Rikenellaceae;g__;s__,0.008843841,0.042989582,Lean,0.857,5.66e-15,(0?0),0.115196142,(0.02?0.21),0.884803858,(0.79?0.98),0.094260664,0.135025049,-0.08152877,,,,k__Bacteria;p__Bacteroidetes;c__Bacteroidia;o__Bacteroidales;f__Rikenellaceae;g__;s__,ob,control
187,TwinsUK,Family,k__Bacteria;p__Firmicutes;c__Bacilli;o__Lactobacillales;f__Lactobacillaceae,nan,0.009129601,0.044142592,Obese,0.5655,6.13e-12,(0?0),0.07674607,(0?0.17),0.92325393,(0.79?1),0.063737588,0.086791371,-0.046107567,,,,k__Bacteria;p__Firmicutes;c__Bacilli;o__Lactobacillales;f__Lactobacillaceae,control,ob
188,TwinsUK,Class,k__Bacteria;p__Proteobacteria;c__Alphaproteobacteria,nan,0.009210043,0.044295922,Lean,0.0543,0.166604843,(0?0.29),2.65e-12,(0?0),0.833395157,(0.71?0.96),0.200675674,0.03438658,0.332578188,,,,k__Bacteria;p__Proteobacteria;c__Alphaproteobacteria,ob,control
189,TwinsUK,OTU,174611,k__Bacteria;p__Firmicutes;c__Clostridia;o__Clostridiales;f__Ruminococcaceae;g__Faecalibacterium;s__prausnitzii,0.009342764,0.04469775,Lean,0.0867,0.245613078,(0?0.36),0.0,(0?0),0.754386922,(0.64?0.88),0.242054545,0.119371879,0.245365332,,,,k__Bacteria;p__Firmicutes;c__Clostridia;o__Clostridiales;f__Ruminococcaceae;g__Faecalibacterium;s__prausnitzii,ob,control
190,TwinsUK,OTU,4300690,k__Bacteria;p__Firmicutes;c__Clostridia;o__Clostridiales;f__Ruminococcaceae;g__;s__,0.010054654,0.046204831,Lean,0.0872,0.278663122,(0?0.43),0.040657318,(0?0.3),0.68067956,(0.57?0.82),0.329358959,0.178375458,0.301967002,,,,k__Bacteria;p__Firmicutes;c__Clostridia;o__Clostridiales;f__Ruminococcaceae;g__;s__,ob,control
191,TwinsUK,OTU,4428714,k__Bacteria;p__Tenericutes;c__Mollicutes;o__RF39;f__;g__;s__,0.010076509,0.046204831,Lean,0.1828,0.185799394,(0?0.32),0.017154424,(0?0.23),0.797046182,(0.68?0.93),0.210210073,0.110216178,0.19998779,,,,k__Bacteria;p__Tenericutes;c__Mollicutes;o__RF39;f__;g__;s__,ob,control
192,TwinsUK,Genus,k__Bacteria;p__Firmicutes;c__Clostridia;o__Clostridiales;f__Clostridiaceae;g__Sarcina,nan,0.010134823,0.046204831,Lean,0.2072,0.162209861,(0?0.28),0.0,(0?0.2),0.837790139,(0.72?0.97),0.174395736,0.074533555,0.199724361,,,,k__Bacteria;p__Firmicutes;c__Clostridia;o__Clostridiales;f__Clostridiaceae;g__Sarcina,ob,control
193,TwinsUK,OTU,176104,k__Bacteria;p__Firmicutes;c__Clostridia;o__Clostridiales;f__Ruminococcaceae;g__Oscillospira;s__,0.010103167,0.046204831,Lean,0.0814,0.162176526,(0?0.28),1.37e-14,(0?0.17),0.837823474,(0.72?0.97),0.197118381,0.038567622,0.317101517,,,,k__Bacteria;p__Firmicutes;c__Clostridia;o__Clostridiales;f__Ruminococcaceae;g__Oscillospira;s__,ob,control
194,TwinsUK,OTU,211907,k__Bacteria;p__Firmicutes;c__Clostridia;o__Clostridiales;f__Ruminococcaceae;g__;s__,0.010002916,0.046204831,Lean,0.2625,0.127698736,(0?0.26),0.012735132,(0?0.19),0.859566133,(0.74?0.98),0.146718751,0.073674906,0.14608769,,,,k__Bacteria;p__Firmicutes;c__Clostridia;o__Clostridiales;f__Ruminococcaceae;g__;s__,ob,control
195,TwinsUK,OTU,184342,k__Bacteria;p__Firmicutes;c__Clostridia;o__Clostridiales;f__Lachnospiraceae;g__;s__,0.009900134,0.046204831,Obese,0.0411,0.126209652,(0?0.25),8.29e-13,(0?0),0.873790348,(0.75?1),0.192817647,-0.033580156,0.452795605,,,,k__Bacteria;p__Firmicutes;c__Clostridia;o__Clostridiales;f__Lachnospiraceae;g__;s__,control,ob
196,TwinsUK,OTU,177828,k__Bacteria;p__Firmicutes;c__Clostridia;o__Clostridiales;f__Lachnospiraceae;g__Anaerostipes;s__,0.009858914,0.046204831,Lean,0.3947,0.052848065,(0?0.25),0.056227778,(0?0.19),0.890924157,(0.75?1),0.108673422,0.085402697,0.046541451,,,,k__Bacteria;p__Firmicutes;c__Clostridia;o__Clostridiales;f__Lachnospiraceae;g__Anaerostipes;s__,ob,control
197,TwinsUK,OTU,176306,k__Bacteria;p__Firmicutes;c__Clostridia;o__Clostridiales;f__Lachnospiraceae;g__;s__,0.010166079,0.046204831,Obese,0.4826,0.004444037,(0?0.24),0.099844564,(0?0.2),0.895711398,(0.76?0.99),0.109085576,0.102626693,0.012917766,,,,k__Bacteria;p__Firmicutes;c__Clostridia;o__Clostridiales;f__Lachnospiraceae;g__;s__,control,ob
198,TwinsUK,OTU,4393532,k__Bacteria;p__Actinobacteria;c__Coriobacteriia;o__Coriobacteriales;f__Coriobacteriaceae;g__Eggerthella;s__lenta,0.010018481,0.046204831,Obese,0.7019,5.16e-13,(0?0),0.102717111,(0?0.2),0.897282889,(0.8?0.99),0.083887715,0.11933619,-0.07089695,,,,k__Bacteria;p__Actinobacteria;c__Coriobacteriia;o__Coriobacteriales;f__Coriobacteriaceae;g__Eggerthella;s__lenta,control,ob
199,TwinsUK,OTU,181756,k__Bacteria;p__Firmicutes;c__Clostridia;o__Clostridiales;f__Lachnospiraceae;g__Blautia;s__,0.010004444,0.046204831,Obese,0.7185,3.11e-13,(0?0.27),0.137557004,(0?0.23),0.862442996,(0.73?0.96),0.137439579,0.141735672,-0.008592187,,,,k__Bacteria;p__Firmicutes;c__Clostridia;o__Clostridiales;f__Lachnospiraceae;g__Blautia;s__,control,ob
200,TwinsUK,OTU,340711,k__Bacteria;p__Firmicutes;c__Clostridia;o__Clostridiales;f__Ruminococcaceae;g__;s__,0.010428515,0.04716179,Lean,0.1008,0.08597743,(0?0.21),7.68e-14,(0?0.13),0.91402257,(0.79?1),0.125561144,-0.007857376,0.266837039,,,,k__Bacteria;p__Firmicutes;c__Clostridia;o__Clostridiales;f__Ruminococcaceae;g__;s__,ob,control
201,TwinsUK,Genus,k__Bacteria;p__Firmicutes;c__Clostridia;o__Clostridiales;f__Lachnospiraceae;g__Blautia,nan,0.010676312,0.047806738,Obese,0.0577,0.23904717,(0?0.36),5.14e-13,(0?0.21),0.76095283,(0.64?0.89),0.26143349,0.089391631,0.344083716,,,,k__Bacteria;p__Firmicutes;c__Clostridia;o__Clostridiales;f__Lachnospiraceae;g__Blautia,control,ob
202,TwinsUK,Order,k__Bacteria;p__Firmicutes;c__Bacilli;o__Lactobacillales,nan,0.010654764,0.047806738,Obese,0.6997,5.14e-13,(0?0),0.204906224,(0.05?0.3),0.795093776,(0.7?0.89),0.126099246,0.260134743,-0.268070995,,,,k__Bacteria;p__Firmicutes;c__Bacilli;o__Lactobacillales,control,ob
203,TwinsUK,OTU,174695,k__Bacteria;p__Firmicutes;c__Clostridia;o__Clostridiales;f__Lachnospiraceae;g__;s__,0.010907179,0.048502355,Lean,0.0665,0.116921122,(0?0.24),1.51e-12,(0?0),0.883078878,(0.76?1),0.169556315,-0.01123209,0.36157681,,,,k__Bacteria;p__Firmicutes;c__Clostridia;o__Clostridiales;f__Lachnospiraceae;g__;s__,ob,control
204,TwinsUK,Genus,k__Bacteria;p__Actinobacteria;c__Coriobacteriia;o__Coriobacteriales;f__Coriobacteriaceae;g__Eggerthella,nan,0.010938375,0.048502355,Obese,0.9363,1.75e-25,(0?0.23),0.114669802,(0?0.21),0.885330198,(0.76?0.98),0.091606268,0.134159605,-0.085106675,,,,k__Bacteria;p__Actinobacteria;c__Coriobacteriia;o__Coriobacteriales;f__Coriobacteriaceae;g__Eggerthella,control,ob
205,TwinsUK,OTU,4217963,k__Bacteria;p__Firmicutes;c__Clostridia;o__Clostridiales;f__Lachnospiraceae;g__;s__,0.011029365,0.048668409,Obese,0.354,0.053176081,(0?0.18),9.67e-10,(0?0.13),0.946823918,(0.82?1),0.054566605,0.024989437,0.059154337,,,,k__Bacteria;p__Firmicutes;c__Clostridia;o__Clostridiales;f__Lachnospiraceae;g__;s__,control,ob
206,TwinsUK,Genus,k__Bacteria;p__Bacteroidetes;c__Bacteroidia;o__Bacteroidales;f__;Odoribacteraceae;g__Butyricimonas,nan,0.011106778,0.048773243,Lean,0.0349,0.052973407,(0?0.18),4.68e-14,(0?0.1),0.947026593,(0.82?1),0.124678271,-0.07105255,0.391461642,,,,k__Bacteria;p__Bacteroidetes;c__Bacteroidia;o__Bacteroidales;f__;Odoribacteraceae;g__Butyricimonas,ob,control
